date,geography,geography code,UMAP1,UMAP2,Cluster Label,accommodation_type_terraced_relative_score,accommodation_type_part_of_a_converted_or_shared_house_including_bedsits_relative_score,accommodation_type_in_a_purpose_built_block_of_flats_or_tenement_relative_score,accommodation_type_a_caravan_or_other_mobile_or_temporary_structure_relative_score,accommodation_type_in_a_commercial_building_for_example_in_an_office_building_hotel_or_over_a_shop_relative_score
2011,Hartlepool,E06000001,13.544476,8.1675205,5,0.04107931133120912,0.8887178677610097,0.09610485549067455,0.028922543840950537,0.742082677779254
2011,Middlesbrough,E06000002,12.581448,6.8106394,5,0.04107931133120912,0.8887178677610097,0.09610485549067455,0.028922543840950537,0.742082677779254
2011,Redcar and Cleveland,E06000003,12.573186,7.0075245,5,0.04107931133120912,0.8887178677610097,0.09610485549067455,0.028922543840950537,0.742082677779254
2011,Stockton-on-Tees,E06000004,12.386235,6.2839756,5,0.04107931133120912,0.8887178677610097,0.09610485549067455,0.028922543840950537,0.742082677779254
2011,Darlington,E06000005,13.469326,8.01567,5,0.04107931133120912,0.8887178677610097,0.09610485549067455,0.028922543840950537,0.742082677779254
2011,Halton,E06000006,12.487664,6.872958,5,0.04107931133120912,0.8887178677610097,0.09610485549067455,0.028922543840950537,0.742082677779254
2011,Warrington,E06000007,12.313978,6.0029597,5,0.04107931133120912,0.8887178677610097,0.09610485549067455,0.028922543840950537,0.742082677779254
2011,Blackburn with Darwen,E06000008,12.321353,6.2287626,5,0.04107931133120912,0.8887178677610097,0.09610485549067455,0.028922543840950537,0.742082677779254
2011,Blackpool,E06000009,12.809756,5.8388386,5,0.04107931133120912,0.8887178677610097,0.09610485549067455,0.028922543840950537,0.742082677779254
2011,"Kingston upon Hull, City of",E06000010,12.333958,3.5480742,2,0.04329107263227383,0.9201608127687352,0.05750343594183918,0.0653693452418876,0.6777081315485887
2011,East Riding of Yorkshire,E06000011,11.873063,3.9504461,2,0.04329107263227383,0.9201608127687352,0.05750343594183918,0.0653693452418876,0.6777081315485887
2011,North East Lincolnshire,E06000012,12.383056,6.2197866,5,0.04107931133120912,0.8887178677610097,0.09610485549067455,0.028922543840950537,0.742082677779254
2011,North Lincolnshire,E06000013,10.332884,8.160784,1,0.01601746523100145,0.8886416051560649,0.10078856494712357,0.041129470799826,0.8146538567795654
2011,York,E06000014,12.745623,5.658175,5,0.04107931133120912,0.8887178677610097,0.09610485549067455,0.028922543840950537,0.742082677779254
2011,Derby,E06000015,12.315472,4.474388,2,0.04329107263227383,0.9201608127687352,0.05750343594183918,0.0653693452418876,0.6777081315485887
2011,Leicester,E06000016,12.738697,3.5748122,2,0.04329107263227383,0.9201608127687352,0.05750343594183918,0.0653693452418876,0.6777081315485887
2011,Rutland,E06000017,14.242598,10.9157295,4,0.0,0.8392208207724637,0.1429094997654229,0.023097547549591962,1.0
2011,Nottingham,E06000018,12.976325,3.482154,2,0.04329107263227383,0.9201608127687352,0.05750343594183918,0.0653693452418876,0.6777081315485887
2011,"Herefordshire, County of",E06000019,9.970606,7.891363,1,0.01601746523100145,0.8886416051560649,0.10078856494712357,0.041129470799826,0.8146538567795654
2011,Telford and Wrekin,E06000020,11.823002,8.334215,1,0.01601746523100145,0.8886416051560649,0.10078856494712357,0.041129470799826,0.8146538567795654
2011,Stoke-on-Trent,E06000021,12.172476,4.203835,2,0.04329107263227383,0.9201608127687352,0.05750343594183918,0.0653693452418876,0.6777081315485887
2011,Bath and North East Somerset,E06000022,12.718245,5.738065,5,0.04107931133120912,0.8887178677610097,0.09610485549067455,0.028922543840950537,0.742082677779254
2011,"Bristol, City of",E06000023,12.872768,2.8297353,2,0.04329107263227383,0.9201608127687352,0.05750343594183918,0.0653693452418876,0.6777081315485887
2011,North Somerset,E06000024,9.740609,7.725877,1,0.01601746523100145,0.8886416051560649,0.10078856494712357,0.041129470799826,0.8146538567795654
2011,South Gloucestershire,E06000025,11.246778,3.97469,2,0.04329107263227383,0.9201608127687352,0.05750343594183918,0.0653693452418876,0.6777081315485887
2011,Plymouth,E06000026,12.800035,3.6062374,2,0.04329107263227383,0.9201608127687352,0.05750343594183918,0.0653693452418876,0.6777081315485887
2011,Torbay,E06000027,13.204257,6.14354,5,0.04107931133120912,0.8887178677610097,0.09610485549067455,0.028922543840950537,0.742082677779254
2011,Bournemouth,E06000028,13.156034,4.4233775,2,0.04329107263227383,0.9201608127687352,0.05750343594183918,0.0653693452418876,0.6777081315485887
2011,Poole,E06000029,13.355657,6.300076,5,0.04107931133120912,0.8887178677610097,0.09610485549067455,0.028922543840950537,0.742082677779254
2011,Swindon,E06000030,12.265782,4.503638,2,0.04329107263227383,0.9201608127687352,0.05750343594183918,0.0653693452418876,0.6777081315485887
2011,Peterborough,E06000031,10.686881,7.7253375,1,0.01601746523100145,0.8886416051560649,0.10078856494712357,0.041129470799826,0.8146538567795654
2011,Luton,E06000032,12.969171,5.6748276,5,0.04107931133120912,0.8887178677610097,0.09610485549067455,0.028922543840950537,0.742082677779254
2011,Southend-on-Sea,E06000033,13.167966,5.1708694,2,0.04329107263227383,0.9201608127687352,0.05750343594183918,0.0653693452418876,0.6777081315485887
2011,Thurrock,E06000034,12.88405,5.799541,5,0.04107931133120912,0.8887178677610097,0.09610485549067455,0.028922543840950537,0.742082677779254
2011,Medway,E06000035,11.341889,3.932802,2,0.04329107263227383,0.9201608127687352,0.05750343594183918,0.0653693452418876,0.6777081315485887
2011,Bracknell Forest,E06000036,9.639496,7.9343767,1,0.01601746523100145,0.8886416051560649,0.10078856494712357,0.041129470799826,0.8146538567795654
2011,West Berkshire,E06000037,9.8983345,7.96973,1,0.01601746523100145,0.8886416051560649,0.10078856494712357,0.041129470799826,0.8146538567795654
2011,Reading,E06000038,13.165719,5.6015906,5,0.04107931133120912,0.8887178677610097,0.09610485549067455,0.028922543840950537,0.742082677779254
2011,Slough,E06000039,13.350178,6.133927,5,0.04107931133120912,0.8887178677610097,0.09610485549067455,0.028922543840950537,0.742082677779254
2011,Windsor and Maidenhead,E06000040,10.10767,7.793579,1,0.01601746523100145,0.8886416051560649,0.10078856494712357,0.041129470799826,0.8146538567795654
2011,Wokingham,E06000041,10.341466,8.413973,1,0.01601746523100145,0.8886416051560649,0.10078856494712357,0.041129470799826,0.8146538567795654
2011,Milton Keynes,E06000042,12.392125,4.4367075,2,0.04329107263227383,0.9201608127687352,0.05750343594183918,0.0653693452418876,0.6777081315485887
2011,Brighton and Hove,E06000043,13.419096,2.706353,2,0.04329107263227383,0.9201608127687352,0.05750343594183918,0.0653693452418876,0.6777081315485887
2011,Portsmouth,E06000044,12.942601,3.7151306,2,0.04329107263227383,0.9201608127687352,0.05750343594183918,0.0653693452418876,0.6777081315485887
2011,Southampton,E06000045,13.242187,3.326707,2,0.04329107263227383,0.9201608127687352,0.05750343594183918,0.0653693452418876,0.6777081315485887
2011,Isle of Wight,E06000046,11.330498,8.147543,1,0.01601746523100145,0.8886416051560649,0.10078856494712357,0.041129470799826,0.8146538567795654
2011,County Durham,E06000047,12.401153,3.2837903,2,0.04329107263227383,0.9201608127687352,0.05750343594183918,0.0653693452418876,0.6777081315485887
2011,Cheshire East,E06000049,11.302833,3.9488218,2,0.04329107263227383,0.9201608127687352,0.05750343594183918,0.0653693452418876,0.6777081315485887
2011,Cheshire West and Chester,E06000050,11.16823,3.9852624,2,0.04329107263227383,0.9201608127687352,0.05750343594183918,0.0653693452418876,0.6777081315485887
2011,Shropshire,E06000051,11.207535,3.9768372,2,0.04329107263227383,0.9201608127687352,0.05750343594183918,0.0653693452418876,0.6777081315485887
2011,Cornwall,E06000052,1.1454796,13.109067,3,0.027445313091463863,1.0,0.0,0.0,0.5208910876205759
2011,Isles of Scilly,E06000053,1.4315139,4.6254926,3,0.027445313091463863,1.0,0.0,0.0,0.5208910876205759
2011,Wiltshire,E06000054,11.192055,3.9971237,2,0.04329107263227383,0.9201608127687352,0.05750343594183918,0.0653693452418876,0.6777081315485887
2011,Bedford,E06000055,10.20161,7.8400407,1,0.01601746523100145,0.8886416051560649,0.10078856494712357,0.041129470799826,0.8146538567795654
2011,Central Bedfordshire,E06000056,11.223028,3.9808166,2,0.04329107263227383,0.9201608127687352,0.05750343594183918,0.0653693452418876,0.6777081315485887
2011,Northumberland,E06000057,12.052558,3.7706363,2,0.04329107263227383,0.9201608127687352,0.05750343594183918,0.0653693452418876,0.6777081315485887
2011,Aylesbury Vale,E07000004,12.505593,6.875954,5,0.04107931133120912,0.8887178677610097,0.09610485549067455,0.028922543840950537,0.742082677779254
2011,Chiltern,E07000005,12.673369,10.157669,4,0.0,0.8392208207724637,0.1429094997654229,0.023097547549591962,1.0
2011,South Bucks,E07000006,12.267466,10.478291,4,0.0,0.8392208207724637,0.1429094997654229,0.023097547549591962,1.0
2011,Wycombe,E07000007,11.355442,7.914172,1,0.01601746523100145,0.8886416051560649,0.10078856494712357,0.041129470799826,0.8146538567795654
2011,Cambridge,E07000008,13.381399,6.265166,5,0.04107931133120912,0.8887178677610097,0.09610485549067455,0.028922543840950537,0.742082677779254
2011,East Cambridgeshire,E07000009,12.364048,10.456524,4,0.0,0.8392208207724637,0.1429094997654229,0.023097547549591962,1.0
2011,Fenland,E07000010,12.137957,10.238357,4,0.0,0.8392208207724637,0.1429094997654229,0.023097547549591962,1.0
2011,Huntingdonshire,E07000011,10.5596075,8.104993,1,0.01601746523100145,0.8886416051560649,0.10078856494712357,0.041129470799826,0.8146538567795654
2011,South Cambridgeshire,E07000012,9.901346,8.391996,1,0.01601746523100145,0.8886416051560649,0.10078856494712357,0.041129470799826,0.8146538567795654
2011,Allerdale,E07000026,12.991668,8.534751,4,0.0,0.8392208207724637,0.1429094997654229,0.023097547549591962,1.0
2011,Barrow-in-Furness,E07000027,12.688254,8.749123,4,0.0,0.8392208207724637,0.1429094997654229,0.023097547549591962,1.0
2011,Carlisle,E07000028,13.34635,8.159116,5,0.04107931133120912,0.8887178677610097,0.09610485549067455,0.028922543840950537,0.742082677779254
2011,Copeland,E07000029,13.299737,10.423593,4,0.0,0.8392208207724637,0.1429094997654229,0.023097547549591962,1.0
2011,Eden,E07000030,14.054301,10.734811,4,0.0,0.8392208207724637,0.1429094997654229,0.023097547549591962,1.0
2011,South Lakeland,E07000031,13.160098,8.444475,5,0.04107931133120912,0.8887178677610097,0.09610485549067455,0.028922543840950537,0.742082677779254
2011,Amber Valley,E07000032,13.455242,8.947311,4,0.0,0.8392208207724637,0.1429094997654229,0.023097547549591962,1.0
2011,Bolsover,E07000033,14.1653,10.117778,4,0.0,0.8392208207724637,0.1429094997654229,0.023097547549591962,1.0
2011,Chesterfield,E07000034,13.343564,8.820036,4,0.0,0.8392208207724637,0.1429094997654229,0.023097547549591962,1.0
2011,Derbyshire Dales,E07000035,14.176737,10.174818,4,0.0,0.8392208207724637,0.1429094997654229,0.023097547549591962,1.0
2011,Erewash,E07000036,13.488157,9.059263,4,0.0,0.8392208207724637,0.1429094997654229,0.023097547549591962,1.0
2011,High Peak,E07000037,13.538575,8.354473,5,0.04107931133120912,0.8887178677610097,0.09610485549067455,0.028922543840950537,0.742082677779254
2011,North East Derbyshire,E07000038,12.855322,10.108923,4,0.0,0.8392208207724637,0.1429094997654229,0.023097547549591962,1.0
2011,South Derbyshire,E07000039,12.733233,10.307622,4,0.0,0.8392208207724637,0.1429094997654229,0.023097547549591962,1.0
2011,East Devon,E07000040,11.409696,8.495234,1,0.01601746523100145,0.8886416051560649,0.10078856494712357,0.041129470799826,0.8146538567795654
2011,Exeter,E07000041,11.310443,7.952241,1,0.01601746523100145,0.8886416051560649,0.10078856494712357,0.041129470799826,0.8146538567795654
2011,Mid Devon,E07000042,13.4300375,10.417719,4,0.0,0.8392208207724637,0.1429094997654229,0.023097547549591962,1.0
2011,North Devon,E07000043,11.667194,9.29234,1,0.01601746523100145,0.8886416051560649,0.10078856494712357,0.041129470799826,0.8146538567795654
2011,South Hams,E07000044,12.864787,10.319919,4,0.0,0.8392208207724637,0.1429094997654229,0.023097547549591962,1.0
2011,Teignbridge,E07000045,9.275747,8.031401,1,0.01601746523100145,0.8886416051560649,0.10078856494712357,0.041129470799826,0.8146538567795654
2011,Torridge,E07000046,13.907945,10.42556,4,0.0,0.8392208207724637,0.1429094997654229,0.023097547549591962,1.0
2011,West Devon,E07000047,14.014562,10.7429,4,0.0,0.8392208207724637,0.1429094997654229,0.023097547549591962,1.0
2011,Christchurch,E07000048,13.981959,10.648959,4,0.0,0.8392208207724637,0.1429094997654229,0.023097547549591962,1.0
2011,East Dorset,E07000049,9.226481,8.152112,1,0.01601746523100145,0.8886416051560649,0.10078856494712357,0.041129470799826,0.8146538567795654
2011,North Dorset,E07000050,13.53794,10.611503,4,0.0,0.8392208207724637,0.1429094997654229,0.023097547549591962,1.0
2011,Purbeck,E07000051,12.5506735,10.65398,4,0.0,0.8392208207724637,0.1429094997654229,0.023097547549591962,1.0
2011,West Dorset,E07000052,11.019553,8.791719,1,0.01601746523100145,0.8886416051560649,0.10078856494712357,0.041129470799826,0.8146538567795654
2011,Weymouth and Portland,E07000053,13.915262,9.380577,4,0.0,0.8392208207724637,0.1429094997654229,0.023097547549591962,1.0
2011,Eastbourne,E07000061,13.426682,6.4422126,5,0.04107931133120912,0.8887178677610097,0.09610485549067455,0.028922543840950537,0.742082677779254
2011,Hastings,E07000062,13.43171,6.6845446,5,0.04107931133120912,0.8887178677610097,0.09610485549067455,0.028922543840950537,0.742082677779254
2011,Lewes,E07000063,12.702148,8.040974,5,0.04107931133120912,0.8887178677610097,0.09610485549067455,0.028922543840950537,0.742082677779254
2011,Rother,E07000064,12.923689,7.775239,5,0.04107931133120912,0.8887178677610097,0.09610485549067455,0.028922543840950537,0.742082677779254
2011,Wealden,E07000065,9.684353,8.165143,1,0.01601746523100145,0.8886416051560649,0.10078856494712357,0.041129470799826,0.8146538567795654
2011,Basildon,E07000066,12.646253,5.59783,5,0.04107931133120912,0.8887178677610097,0.09610485549067455,0.028922543840950537,0.742082677779254
2011,Braintree,E07000067,12.520937,7.299437,5,0.04107931133120912,0.8887178677610097,0.09610485549067455,0.028922543840950537,0.742082677779254
2011,Brentwood,E07000068,14.007189,9.823977,4,0.0,0.8392208207724637,0.1429094997654229,0.023097547549591962,1.0
2011,Castle Point,E07000069,9.186432,8.094377,1,0.01601746523100145,0.8886416051560649,0.10078856494712357,0.041129470799826,0.8146538567795654
2011,Chelmsford,E07000070,10.830425,7.7892413,1,0.01601746523100145,0.8886416051560649,0.10078856494712357,0.041129470799826,0.8146538567795654
2011,Colchester,E07000071,13.138337,5.9935007,5,0.04107931133120912,0.8887178677610097,0.09610485549067455,0.028922543840950537,0.742082677779254
2011,Epping Forest,E07000072,9.861788,7.906466,1,0.01601746523100145,0.8886416051560649,0.10078856494712357,0.041129470799826,0.8146538567795654
2011,Harlow,E07000073,13.645585,7.6496873,5,0.04107931133120912,0.8887178677610097,0.09610485549067455,0.028922543840950537,0.742082677779254
2011,Maldon,E07000074,12.784353,10.6677265,4,0.0,0.8392208207724637,0.1429094997654229,0.023097547549591962,1.0
2011,Rochford,E07000075,12.094398,10.464182,4,0.0,0.8392208207724637,0.1429094997654229,0.023097547549591962,1.0
2011,Tendring,E07000076,10.127956,8.020703,1,0.01601746523100145,0.8886416051560649,0.10078856494712357,0.041129470799826,0.8146538567795654
2011,Uttlesford,E07000077,13.519325,10.523987,4,0.0,0.8392208207724637,0.1429094997654229,0.023097547549591962,1.0
2011,Cheltenham,E07000078,11.461126,7.8654494,1,0.01601746523100145,0.8886416051560649,0.10078856494712357,0.041129470799826,0.8146538567795654
2011,Cotswold,E07000079,12.115347,10.309708,4,0.0,0.8392208207724637,0.1429094997654229,0.023097547549591962,1.0
2011,Forest of Dean,E07000080,12.610387,10.535901,4,0.0,0.8392208207724637,0.1429094997654229,0.023097547549591962,1.0
2011,Gloucester,E07000081,12.666352,7.83954,5,0.04107931133120912,0.8887178677610097,0.09610485549067455,0.028922543840950537,0.742082677779254
2011,Stroud,E07000082,12.081061,9.332128,4,0.0,0.8392208207724637,0.1429094997654229,0.023097547549591962,1.0
2011,Tewkesbury,E07000083,9.741434,8.5127125,1,0.01601746523100145,0.8886416051560649,0.10078856494712357,0.041129470799826,0.8146538567795654
2011,Basingstoke and Deane,E07000084,12.6296835,5.838169,5,0.04107931133120912,0.8887178677610097,0.09610485549067455,0.028922543840950537,0.742082677779254
2011,East Hampshire,E07000085,11.561793,8.956007,1,0.01601746523100145,0.8886416051560649,0.10078856494712357,0.041129470799826,0.8146538567795654
2011,Eastleigh,E07000086,11.367515,8.464297,1,0.01601746523100145,0.8886416051560649,0.10078856494712357,0.041129470799826,0.8146538567795654
2011,Fareham,E07000087,13.073591,8.638404,4,0.0,0.8392208207724637,0.1429094997654229,0.023097547549591962,1.0
2011,Gosport,E07000088,13.563317,7.5424724,5,0.04107931133120912,0.8887178677610097,0.09610485549067455,0.028922543840950537,0.742082677779254
2011,Hart,E07000089,12.6355715,10.236552,4,0.0,0.8392208207724637,0.1429094997654229,0.023097547549591962,1.0
2011,Havant,E07000090,13.19166,7.218709,5,0.04107931133120912,0.8887178677610097,0.09610485549067455,0.028922543840950537,0.742082677779254
2011,New Forest,E07000091,9.301254,7.975192,1,0.01601746523100145,0.8886416051560649,0.10078856494712357,0.041129470799826,0.8146538567795654
2011,Rushmoor,E07000092,12.969107,7.6410623,5,0.04107931133120912,0.8887178677610097,0.09610485549067455,0.028922543840950537,0.742082677779254
2011,Test Valley,E07000093,11.171816,8.8000145,1,0.01601746523100145,0.8886416051560649,0.10078856494712357,0.041129470799826,0.8146538567795654
2011,Winchester,E07000094,10.04354,8.5426445,1,0.01601746523100145,0.8886416051560649,0.10078856494712357,0.041129470799826,0.8146538567795654
2011,Broxbourne,E07000095,13.428904,7.439213,5,0.04107931133120912,0.8887178677610097,0.09610485549067455,0.028922543840950537,0.742082677779254
2011,Dacorum,E07000096,12.6515875,5.7816358,5,0.04107931133120912,0.8887178677610097,0.09610485549067455,0.028922543840950537,0.742082677779254
2011,Hertsmere,E07000098,12.85779,7.663629,5,0.04107931133120912,0.8887178677610097,0.09610485549067455,0.028922543840950537,0.742082677779254
2011,North Hertfordshire,E07000099,11.458784,8.249915,1,0.01601746523100145,0.8886416051560649,0.10078856494712357,0.041129470799826,0.8146538567795654
2011,Three Rivers,E07000102,12.582998,9.970935,4,0.0,0.8392208207724637,0.1429094997654229,0.023097547549591962,1.0
2011,Watford,E07000103,13.448858,6.727803,5,0.04107931133120912,0.8887178677610097,0.09610485549067455,0.028922543840950537,0.742082677779254
2011,Ashford,E07000105,10.655966,8.738237,1,0.01601746523100145,0.8886416051560649,0.10078856494712357,0.041129470799826,0.8146538567795654
2011,Canterbury,E07000106,10.169101,7.8597436,1,0.01601746523100145,0.8886416051560649,0.10078856494712357,0.041129470799826,0.8146538567795654
2011,Dartford,E07000107,13.509984,7.4993153,5,0.04107931133120912,0.8887178677610097,0.09610485549067455,0.028922543840950537,0.742082677779254
2011,Dover,E07000108,11.661033,8.510244,1,0.01601746523100145,0.8886416051560649,0.10078856494712357,0.041129470799826,0.8146538567795654
2011,Gravesham,E07000109,13.493592,7.5875535,5,0.04107931133120912,0.8887178677610097,0.09610485549067455,0.028922543840950537,0.742082677779254
2011,Maidstone,E07000110,10.207258,7.787415,1,0.01601746523100145,0.8886416051560649,0.10078856494712357,0.041129470799826,0.8146538567795654
2011,Sevenoaks,E07000111,10.13379,8.622984,1,0.01601746523100145,0.8886416051560649,0.10078856494712357,0.041129470799826,0.8146538567795654
2011,Folkestone and Hythe,E07000112,12.544219,7.618166,5,0.04107931133120912,0.8887178677610097,0.09610485549067455,0.028922543840950537,0.742082677779254
2011,Swale,E07000113,11.839946,8.415336,1,0.01601746523100145,0.8886416051560649,0.10078856494712357,0.041129470799826,0.8146538567795654
2011,Thanet,E07000114,11.333839,7.8292236,1,0.01601746523100145,0.8886416051560649,0.10078856494712357,0.041129470799826,0.8146538567795654
2011,Tonbridge and Malling,E07000115,12.976149,8.452144,5,0.04107931133120912,0.8887178677610097,0.09610485549067455,0.028922543840950537,0.742082677779254
2011,Tunbridge Wells,E07000116,13.155013,7.297458,5,0.04107931133120912,0.8887178677610097,0.09610485549067455,0.028922543840950537,0.742082677779254
2011,Burnley,E07000117,13.730775,8.188625,5,0.04107931133120912,0.8887178677610097,0.09610485549067455,0.028922543840950537,0.742082677779254
2011,Chorley,E07000118,12.697091,8.594165,4,0.0,0.8392208207724637,0.1429094997654229,0.023097547549591962,1.0
2011,Fylde,E07000119,9.91398,8.627263,1,0.01601746523100145,0.8886416051560649,0.10078856494712357,0.041129470799826,0.8146538567795654
2011,Hyndburn,E07000120,13.706992,8.215664,5,0.04107931133120912,0.8887178677610097,0.09610485549067455,0.028922543840950537,0.742082677779254
2011,Lancaster,E07000121,10.350659,7.8389463,1,0.01601746523100145,0.8886416051560649,0.10078856494712357,0.041129470799826,0.8146538567795654
2011,Pendle,E07000122,13.716016,8.186035,5,0.04107931133120912,0.8887178677610097,0.09610485549067455,0.028922543840950537,0.742082677779254
2011,Preston,E07000123,12.846073,6.3988357,5,0.04107931133120912,0.8887178677610097,0.09610485549067455,0.028922543840950537,0.742082677779254
2011,Ribble Valley,E07000124,12.791042,10.595506,4,0.0,0.8392208207724637,0.1429094997654229,0.023097547549591962,1.0
2011,Rossendale,E07000125,13.836175,8.54784,4,0.0,0.8392208207724637,0.1429094997654229,0.023097547549591962,1.0
2011,South Ribble,E07000126,12.905788,9.37051,4,0.0,0.8392208207724637,0.1429094997654229,0.023097547549591962,1.0
2011,West Lancashire,E07000127,10.211101,8.67306,1,0.01601746523100145,0.8886416051560649,0.10078856494712357,0.041129470799826,0.8146538567795654
2011,Wyre,E07000128,9.460088,8.231731,1,0.01601746523100145,0.8886416051560649,0.10078856494712357,0.041129470799826,0.8146538567795654
2011,Blaby,E07000129,13.871717,10.101536,4,0.0,0.8392208207724637,0.1429094997654229,0.023097547549591962,1.0
2011,Charnwood,E07000130,11.534218,8.419394,1,0.01601746523100145,0.8886416051560649,0.10078856494712357,0.041129470799826,0.8146538567795654
2011,Harborough,E07000131,13.673248,10.327832,4,0.0,0.8392208207724637,0.1429094997654229,0.023097547549591962,1.0
2011,Hinckley and Bosworth,E07000132,13.304449,9.453632,4,0.0,0.8392208207724637,0.1429094997654229,0.023097547549591962,1.0
2011,Melton,E07000133,14.207611,10.836803,4,0.0,0.8392208207724637,0.1429094997654229,0.023097547549591962,1.0
2011,North West Leicestershire,E07000134,12.186724,10.308957,4,0.0,0.8392208207724637,0.1429094997654229,0.023097547549591962,1.0
2011,Oadby and Wigston,E07000135,14.193797,10.7878475,4,0.0,0.8392208207724637,0.1429094997654229,0.023097547549591962,1.0
2011,Boston,E07000136,13.926919,10.590438,4,0.0,0.8392208207724637,0.1429094997654229,0.023097547549591962,1.0
2011,East Lindsey,E07000137,9.219291,8.092614,1,0.01601746523100145,0.8886416051560649,0.10078856494712357,0.041129470799826,0.8146538567795654
2011,Lincoln,E07000138,13.507603,7.700088,5,0.04107931133120912,0.8887178677610097,0.09610485549067455,0.028922543840950537,0.742082677779254
2011,North Kesteven,E07000139,11.989088,10.403918,4,0.0,0.8392208207724637,0.1429094997654229,0.023097547549591962,1.0
2011,South Holland,E07000140,13.573024,10.30759,4,0.0,0.8392208207724637,0.1429094997654229,0.023097547549591962,1.0
2011,South Kesteven,E07000141,11.366414,8.846328,1,0.01601746523100145,0.8886416051560649,0.10078856494712357,0.041129470799826,0.8146538567795654
2011,West Lindsey,E07000142,12.068146,10.432175,4,0.0,0.8392208207724637,0.1429094997654229,0.023097547549591962,1.0
2011,Breckland,E07000143,12.433671,9.487515,4,0.0,0.8392208207724637,0.1429094997654229,0.023097547549591962,1.0
2011,Broadland,E07000144,12.254485,9.923282,4,0.0,0.8392208207724637,0.1429094997654229,0.023097547549591962,1.0
2011,Great Yarmouth,E07000145,10.497584,8.707358,1,0.01601746523100145,0.8886416051560649,0.10078856494712357,0.041129470799826,0.8146538567795654
2011,King's Lynn and West Norfolk,E07000146,10.464587,8.444327,1,0.01601746523100145,0.8886416051560649,0.10078856494712357,0.041129470799826,0.8146538567795654
2011,North Norfolk,E07000147,12.285796,9.820775,4,0.0,0.8392208207724637,0.1429094997654229,0.023097547549591962,1.0
2011,Norwich,E07000148,13.183096,5.433568,5,0.04107931133120912,0.8887178677610097,0.09610485549067455,0.028922543840950537,0.742082677779254
2011,South Norfolk,E07000149,12.586964,9.6262,4,0.0,0.8392208207724637,0.1429094997654229,0.023097547549591962,1.0
2011,Corby,E07000150,14.22909,10.065171,4,0.0,0.8392208207724637,0.1429094997654229,0.023097547549591962,1.0
2011,Daventry,E07000151,14.106365,10.100795,4,0.0,0.8392208207724637,0.1429094997654229,0.023097547549591962,1.0
2011,East Northamptonshire,E07000152,13.578872,10.204722,4,0.0,0.8392208207724637,0.1429094997654229,0.023097547549591962,1.0
2011,Kettering,E07000153,13.670988,8.98974,4,0.0,0.8392208207724637,0.1429094997654229,0.023097547549591962,1.0
2011,Northampton,E07000154,12.3965,4.4683075,2,0.04329107263227383,0.9201608127687352,0.05750343594183918,0.0653693452418876,0.6777081315485887
2011,South Northamptonshire,E07000155,13.998553,10.0916395,4,0.0,0.8392208207724637,0.1429094997654229,0.023097547549591962,1.0
2011,Wellingborough,E07000156,13.295612,10.429161,4,0.0,0.8392208207724637,0.1429094997654229,0.023097547549591962,1.0
2011,Craven,E07000163,13.228885,10.520909,4,0.0,0.8392208207724637,0.1429094997654229,0.023097547549591962,1.0
2011,Hambleton,E07000164,13.28565,10.246532,4,0.0,0.8392208207724637,0.1429094997654229,0.023097547549591962,1.0
2011,Harrogate,E07000165,10.238908,7.8388233,1,0.01601746523100145,0.8886416051560649,0.10078856494712357,0.041129470799826,0.8146538567795654
2011,Richmondshire,E07000166,14.124264,10.784176,4,0.0,0.8392208207724637,0.1429094997654229,0.023097547549591962,1.0
2011,Ryedale,E07000167,14.137486,10.81265,4,0.0,0.8392208207724637,0.1429094997654229,0.023097547549591962,1.0
2011,Scarborough,E07000168,13.3536415,6.989786,5,0.04107931133120912,0.8887178677610097,0.09610485549067455,0.028922543840950537,0.742082677779254
2011,Selby,E07000169,14.018214,9.994387,4,0.0,0.8392208207724637,0.1429094997654229,0.023097547549591962,1.0
2011,Ashfield,E07000170,13.4611025,8.956021,4,0.0,0.8392208207724637,0.1429094997654229,0.023097547549591962,1.0
2011,Bassetlaw,E07000171,12.751938,9.589735,4,0.0,0.8392208207724637,0.1429094997654229,0.023097547549591962,1.0
2011,Broxtowe,E07000172,13.435644,9.053627,4,0.0,0.8392208207724637,0.1429094997654229,0.023097547549591962,1.0
2011,Gedling,E07000173,12.23629,9.45775,4,0.0,0.8392208207724637,0.1429094997654229,0.023097547549591962,1.0
2011,Mansfield,E07000174,13.475062,9.152747,4,0.0,0.8392208207724637,0.1429094997654229,0.023097547549591962,1.0
2011,Newark and Sherwood,E07000175,12.266057,9.6428995,4,0.0,0.8392208207724637,0.1429094997654229,0.023097547549591962,1.0
2011,Rushcliffe,E07000176,12.150671,10.180386,4,0.0,0.8392208207724637,0.1429094997654229,0.023097547549591962,1.0
2011,Cherwell,E07000177,12.642466,8.003648,5,0.04107931133120912,0.8887178677610097,0.09610485549067455,0.028922543840950537,0.742082677779254
2011,Oxford,E07000178,13.265549,5.921032,5,0.04107931133120912,0.8887178677610097,0.09610485549067455,0.028922543840950537,0.742082677779254
2011,South Oxfordshire,E07000179,9.385384,8.116449,1,0.01601746523100145,0.8886416051560649,0.10078856494712357,0.041129470799826,0.8146538567795654
2011,Vale of White Horse,E07000180,10.182942,8.634193,1,0.01601746523100145,0.8886416051560649,0.10078856494712357,0.041129470799826,0.8146538567795654
2011,West Oxfordshire,E07000181,12.025543,9.33808,4,0.0,0.8392208207724637,0.1429094997654229,0.023097547549591962,1.0
2011,Mendip,E07000187,13.026388,8.528108,4,0.0,0.8392208207724637,0.1429094997654229,0.023097547549591962,1.0
2011,Sedgemoor,E07000188,11.387099,8.859683,1,0.01601746523100145,0.8886416051560649,0.10078856494712357,0.041129470799826,0.8146538567795654
2011,South Somerset,E07000189,10.389068,7.798882,1,0.01601746523100145,0.8886416051560649,0.10078856494712357,0.041129470799826,0.8146538567795654
2011,Taunton Deane,E07000190,11.286409,8.735857,1,0.01601746523100145,0.8886416051560649,0.10078856494712357,0.041129470799826,0.8146538567795654
2011,West Somerset,E07000191,14.206131,10.876637,4,0.0,0.8392208207724637,0.1429094997654229,0.023097547549591962,1.0
2011,Cannock Chase,E07000192,13.904507,9.749793,4,0.0,0.8392208207724637,0.1429094997654229,0.023097547549591962,1.0
2011,East Staffordshire,E07000193,12.89575,8.416079,5,0.04107931133120912,0.8887178677610097,0.09610485549067455,0.028922543840950537,0.742082677779254
2011,Lichfield,E07000194,12.70608,10.104995,4,0.0,0.8392208207724637,0.1429094997654229,0.023097547549591962,1.0
2011,Newcastle-under-Lyme,E07000195,13.415882,8.75032,4,0.0,0.8392208207724637,0.1429094997654229,0.023097547549591962,1.0
2011,South Staffordshire,E07000196,9.342841,8.268699,1,0.01601746523100145,0.8886416051560649,0.10078856494712357,0.041129470799826,0.8146538567795654
2011,Stafford,E07000197,11.512145,8.850933,1,0.01601746523100145,0.8886416051560649,0.10078856494712357,0.041129470799826,0.8146538567795654
2011,Staffordshire Moorlands,E07000198,13.976298,9.915225,4,0.0,0.8392208207724637,0.1429094997654229,0.023097547549591962,1.0
2011,Tamworth,E07000199,13.656362,10.345494,4,0.0,0.8392208207724637,0.1429094997654229,0.023097547549591962,1.0
2011,Babergh,E07000200,13.95238,9.876415,4,0.0,0.8392208207724637,0.1429094997654229,0.023097547549591962,1.0
2011,Forest Heath,E07000201,13.471449,10.653709,4,0.0,0.8392208207724637,0.1429094997654229,0.023097547549591962,1.0
2011,Ipswich,E07000202,13.273505,6.2705307,5,0.04107931133120912,0.8887178677610097,0.09610485549067455,0.028922543840950537,0.742082677779254
2011,Mid Suffolk,E07000203,12.645095,10.309186,4,0.0,0.8392208207724637,0.1429094997654229,0.023097547549591962,1.0
2011,St Edmundsbury,E07000204,12.534168,8.521888,4,0.0,0.8392208207724637,0.1429094997654229,0.023097547549591962,1.0
2011,Suffolk Coastal,E07000205,10.606043,8.684954,1,0.01601746523100145,0.8886416051560649,0.10078856494712357,0.041129470799826,0.8146538567795654
2011,Waveney,E07000206,12.117104,8.477825,1,0.01601746523100145,0.8886416051560649,0.10078856494712357,0.041129470799826,0.8146538567795654
2011,Elmbridge,E07000207,13.361071,6.6229663,5,0.04107931133120912,0.8887178677610097,0.09610485549067455,0.028922543840950537,0.742082677779254
2011,Epsom and Ewell,E07000208,14.012311,9.832064,4,0.0,0.8392208207724637,0.1429094997654229,0.023097547549591962,1.0
2011,Guildford,E07000209,11.277719,8.475469,1,0.01601746523100145,0.8886416051560649,0.10078856494712357,0.041129470799826,0.8146538567795654
2011,Mole Valley,E07000210,9.417785,8.332027,1,0.01601746523100145,0.8886416051560649,0.10078856494712357,0.041129470799826,0.8146538567795654
2011,Reigate and Banstead,E07000211,11.410004,7.855677,1,0.01601746523100145,0.8886416051560649,0.10078856494712357,0.041129470799826,0.8146538567795654
2011,Runnymede,E07000212,9.159823,8.117984,1,0.01601746523100145,0.8886416051560649,0.10078856494712357,0.041129470799826,0.8146538567795654
2011,Spelthorne,E07000213,12.733233,7.8364134,5,0.04107931133120912,0.8887178677610097,0.09610485549067455,0.028922543840950537,0.742082677779254
2011,Surrey Heath,E07000214,12.78935,10.215545,4,0.0,0.8392208207724637,0.1429094997654229,0.023097547549591962,1.0
2011,Tandridge,E07000215,12.635929,10.068175,4,0.0,0.8392208207724637,0.1429094997654229,0.023097547549591962,1.0
2011,Waverley,E07000216,12.7575865,7.9207745,5,0.04107931133120912,0.8887178677610097,0.09610485549067455,0.028922543840950537,0.742082677779254
2011,Woking,E07000217,13.101514,7.515209,5,0.04107931133120912,0.8887178677610097,0.09610485549067455,0.028922543840950537,0.742082677779254
2011,North Warwickshire,E07000218,13.959846,10.59428,4,0.0,0.8392208207724637,0.1429094997654229,0.023097547549591962,1.0
2011,Nuneaton and Bedworth,E07000219,12.3779745,8.242006,5,0.04107931133120912,0.8887178677610097,0.09610485549067455,0.028922543840950537,0.742082677779254
2011,Rugby,E07000220,13.161221,8.5990715,4,0.0,0.8392208207724637,0.1429094997654229,0.023097547549591962,1.0
2011,Stratford-on-Avon,E07000221,9.605089,8.227372,1,0.01601746523100145,0.8886416051560649,0.10078856494712357,0.041129470799826,0.8146538567795654
2011,Warwick,E07000222,13.27834,6.4134507,5,0.04107931133120912,0.8887178677610097,0.09610485549067455,0.028922543840950537,0.742082677779254
2011,Adur,E07000223,12.7167425,10.098761,4,0.0,0.8392208207724637,0.1429094997654229,0.023097547549591962,1.0
2011,Arun,E07000224,9.725956,7.810554,1,0.01601746523100145,0.8886416051560649,0.10078856494712357,0.041129470799826,0.8146538567795654
2011,Chichester,E07000225,11.426569,8.6198225,1,0.01601746523100145,0.8886416051560649,0.10078856494712357,0.041129470799826,0.8146538567795654
2011,Crawley,E07000226,13.549647,7.436696,5,0.04107931133120912,0.8887178677610097,0.09610485549067455,0.028922543840950537,0.742082677779254
2011,Horsham,E07000227,11.365226,8.393054,1,0.01601746523100145,0.8886416051560649,0.10078856494712357,0.041129470799826,0.8146538567795654
2011,Mid Sussex,E07000228,11.554606,7.917497,1,0.01601746523100145,0.8886416051560649,0.10078856494712357,0.041129470799826,0.8146538567795654
2011,Worthing,E07000229,13.424322,6.5113287,5,0.04107931133120912,0.8887178677610097,0.09610485549067455,0.028922543840950537,0.742082677779254
2011,Bromsgrove,E07000234,12.175324,10.344834,4,0.0,0.8392208207724637,0.1429094997654229,0.023097547549591962,1.0
2011,Malvern Hills,E07000235,12.384158,10.51069,4,0.0,0.8392208207724637,0.1429094997654229,0.023097547549591962,1.0
2011,Redditch,E07000236,13.792849,9.076132,4,0.0,0.8392208207724637,0.1429094997654229,0.023097547549591962,1.0
2011,Worcester,E07000237,13.501961,7.701737,5,0.04107931133120912,0.8887178677610097,0.09610485549067455,0.028922543840950537,0.742082677779254
2011,Wychavon,E07000238,10.017802,8.596577,1,0.01601746523100145,0.8886416051560649,0.10078856494712357,0.041129470799826,0.8146538567795654
2011,Wyre Forest,E07000239,9.521519,8.303362,1,0.01601746523100145,0.8886416051560649,0.10078856494712357,0.041129470799826,0.8146538567795654
2011,St Albans,E07000240,11.528795,7.811821,1,0.01601746523100145,0.8886416051560649,0.10078856494712357,0.041129470799826,0.8146538567795654
2011,Welwyn Hatfield,E07000241,13.4953165,7.4000893,5,0.04107931133120912,0.8887178677610097,0.09610485549067455,0.028922543840950537,0.742082677779254
2011,East Hertfordshire,E07000242,13.235427,6.8312573,5,0.04107931133120912,0.8887178677610097,0.09610485549067455,0.028922543840950537,0.742082677779254
2011,Stevenage,E07000243,13.691437,7.781882,5,0.04107931133120912,0.8887178677610097,0.09610485549067455,0.028922543840950537,0.742082677779254
2011,Bolton,E08000001,12.174333,3.8581617,2,0.04329107263227383,0.9201608127687352,0.05750343594183918,0.0653693452418876,0.6777081315485887
2011,Bury,E08000002,12.416093,6.049818,5,0.04107931133120912,0.8887178677610097,0.09610485549067455,0.028922543840950537,0.742082677779254
2011,Manchester,E08000003,12.930706,2.771057,2,0.04329107263227383,0.9201608127687352,0.05750343594183918,0.0653693452418876,0.6777081315485887
2011,Oldham,E08000004,12.111093,4.074246,2,0.04329107263227383,0.9201608127687352,0.05750343594183918,0.0653693452418876,0.6777081315485887
2011,Rochdale,E08000005,12.123084,4.178847,2,0.04329107263227383,0.9201608127687352,0.05750343594183918,0.0653693452418876,0.6777081315485887
2011,Salford,E08000006,13.025735,3.7594006,2,0.04329107263227383,0.9201608127687352,0.05750343594183918,0.0653693452418876,0.6777081315485887
2011,Stockport,E08000007,12.479205,4.2478743,2,0.04329107263227383,0.9201608127687352,0.05750343594183918,0.0653693452418876,0.6777081315485887
2011,Tameside,E08000008,12.160837,4.149213,2,0.04329107263227383,0.9201608127687352,0.05750343594183918,0.0653693452418876,0.6777081315485887
2011,Trafford,E08000009,12.645432,4.6119876,2,0.04329107263227383,0.9201608127687352,0.05750343594183918,0.0653693452418876,0.6777081315485887
2011,Wigan,E08000010,12.125072,3.839474,2,0.04329107263227383,0.9201608127687352,0.05750343594183918,0.0653693452418876,0.6777081315485887
2011,Knowsley,E08000011,12.437834,6.367013,5,0.04107931133120912,0.8887178677610097,0.09610485549067455,0.028922543840950537,0.742082677779254
2011,Liverpool,E08000012,12.714958,2.931612,2,0.04329107263227383,0.9201608127687352,0.05750343594183918,0.0653693452418876,0.6777081315485887
2011,St. Helens,E08000013,12.322018,6.153028,5,0.04107931133120912,0.8887178677610097,0.09610485549067455,0.028922543840950537,0.742082677779254
2011,Sefton,E08000014,12.574498,4.328716,2,0.04329107263227383,0.9201608127687352,0.05750343594183918,0.0653693452418876,0.6777081315485887
2011,Wirral,E08000015,12.514485,3.727414,2,0.04329107263227383,0.9201608127687352,0.05750343594183918,0.0653693452418876,0.6777081315485887
2011,Barnsley,E08000016,12.2136,5.7904167,5,0.04107931133120912,0.8887178677610097,0.09610485549067455,0.028922543840950537,0.742082677779254
2011,Doncaster,E08000017,11.218311,4.0017576,2,0.04329107263227383,0.9201608127687352,0.05750343594183918,0.0653693452418876,0.6777081315485887
2011,Rotherham,E08000018,12.238781,5.4997373,5,0.04107931133120912,0.8887178677610097,0.09610485549067455,0.028922543840950537,0.742082677779254
2011,Sheffield,E08000019,12.806267,2.822463,2,0.04329107263227383,0.9201608127687352,0.05750343594183918,0.0653693452418876,0.6777081315485887
2011,Newcastle upon Tyne,E08000021,13.198601,3.2975495,2,0.04329107263227383,0.9201608127687352,0.05750343594183918,0.0653693452418876,0.6777081315485887
2011,North Tyneside,E08000022,12.699579,4.5248976,2,0.04329107263227383,0.9201608127687352,0.05750343594183918,0.0653693452418876,0.6777081315485887
2011,South Tyneside,E08000023,12.8054285,5.950376,5,0.04107931133120912,0.8887178677610097,0.09610485549067455,0.028922543840950537,0.742082677779254
2011,Sunderland,E08000024,12.1716585,3.8315554,2,0.04329107263227383,0.9201608127687352,0.05750343594183918,0.0653693452418876,0.6777081315485887
2011,Birmingham,E08000025,12.873985,2.7657623,2,0.04329107263227383,0.9201608127687352,0.05750343594183918,0.0653693452418876,0.6777081315485887
2011,Coventry,E08000026,12.422295,3.4527566,2,0.04329107263227383,0.9201608127687352,0.05750343594183918,0.0653693452418876,0.6777081315485887
2011,Dudley,E08000027,12.468601,4.3482876,2,0.04329107263227383,0.9201608127687352,0.05750343594183918,0.0653693452418876,0.6777081315485887
2011,Sandwell,E08000028,12.648929,3.7590287,2,0.04329107263227383,0.9201608127687352,0.05750343594183918,0.0653693452418876,0.6777081315485887
2011,Solihull,E08000029,13.003016,5.7791967,5,0.04107931133120912,0.8887178677610097,0.09610485549067455,0.028922543840950537,0.742082677779254
2011,Walsall,E08000030,12.367442,4.406522,2,0.04329107263227383,0.9201608127687352,0.05750343594183918,0.0653693452418876,0.6777081315485887
2011,Wolverhampton,E08000031,12.834778,4.5052257,2,0.04329107263227383,0.9201608127687352,0.05750343594183918,0.0653693452418876,0.6777081315485887
2011,Bradford,E08000032,12.511192,3.1246371,2,0.04329107263227383,0.9201608127687352,0.05750343594183918,0.0653693452418876,0.6777081315485887
2011,Calderdale,E08000033,12.078199,4.010614,2,0.04329107263227383,0.9201608127687352,0.05750343594183918,0.0653693452418876,0.6777081315485887
2011,Kirklees,E08000034,12.41598,3.3171096,2,0.04329107263227383,0.9201608127687352,0.05750343594183918,0.0653693452418876,0.6777081315485887
2011,Leeds,E08000035,12.816267,2.8162456,2,0.04329107263227383,0.9201608127687352,0.05750343594183918,0.0653693452418876,0.6777081315485887
2011,Wakefield,E08000036,12.003913,3.8851633,2,0.04329107263227383,0.9201608127687352,0.05750343594183918,0.0653693452418876,0.6777081315485887
2011,Gateshead,E08000037,12.590266,4.637901,2,0.04329107263227383,0.9201608127687352,0.05750343594183918,0.0653693452418876,0.6777081315485887
2011,City of London,E09000001,1.483295,4.572012,3,0.027445313091463863,1.0,0.0,0.0,0.5208910876205759
2011,Barking and Dagenham,E09000002,12.707413,4.338392,2,0.04329107263227383,0.9201608127687352,0.05750343594183918,0.0653693452418876,0.6777081315485887
2011,Barnet,E09000003,13.398475,2.6650195,2,0.04329107263227383,0.9201608127687352,0.05750343594183918,0.0653693452418876,0.6777081315485887
2011,Bexley,E09000004,12.801712,4.4867463,2,0.04329107263227383,0.9201608127687352,0.05750343594183918,0.0653693452418876,0.6777081315485887
2011,Brent,E09000005,13.4386015,2.6878164,2,0.04329107263227383,0.9201608127687352,0.05750343594183918,0.0653693452418876,0.6777081315485887
2011,Bromley,E09000006,13.16777,3.3012033,2,0.04329107263227383,0.9201608127687352,0.05750343594183918,0.0653693452418876,0.6777081315485887
2011,Camden,E09000007,13.643556,2.342499,2,0.04329107263227383,0.9201608127687352,0.05750343594183918,0.0653693452418876,0.6777081315485887
2011,Croydon,E09000008,13.077017,2.8456237,2,0.04329107263227383,0.9201608127687352,0.05750343594183918,0.0653693452418876,0.6777081315485887
2011,Ealing,E09000009,13.359595,2.6778586,2,0.04329107263227383,0.9201608127687352,0.05750343594183918,0.0653693452418876,0.6777081315485887
2011,Enfield,E09000010,13.237408,2.9816918,2,0.04329107263227383,0.9201608127687352,0.05750343594183918,0.0653693452418876,0.6777081315485887
2011,Greenwich,E09000011,13.341723,2.9155536,2,0.04329107263227383,0.9201608127687352,0.05750343594183918,0.0653693452418876,0.6777081315485887
2011,Hackney,E09000012,13.679438,2.2907603,2,0.04329107263227383,0.9201608127687352,0.05750343594183918,0.0653693452418876,0.6777081315485887
2011,Hammersmith and Fulham,E09000013,13.528847,2.622704,2,0.04329107263227383,0.9201608127687352,0.05750343594183918,0.0653693452418876,0.6777081315485887
2011,Haringey,E09000014,13.444766,2.6679347,2,0.04329107263227383,0.9201608127687352,0.05750343594183918,0.0653693452418876,0.6777081315485887
2011,Harrow,E09000015,13.075704,4.752327,2,0.04329107263227383,0.9201608127687352,0.05750343594183918,0.0653693452418876,0.6777081315485887
2011,Havering,E09000016,12.673408,4.400587,2,0.04329107263227383,0.9201608127687352,0.05750343594183918,0.0653693452418876,0.6777081315485887
2011,Hillingdon,E09000017,12.934135,4.255271,2,0.04329107263227383,0.9201608127687352,0.05750343594183918,0.0653693452418876,0.6777081315485887
2011,Hounslow,E09000018,13.246155,3.2904327,2,0.04329107263227383,0.9201608127687352,0.05750343594183918,0.0653693452418876,0.6777081315485887
2011,Islington,E09000019,13.644984,2.3503346,2,0.04329107263227383,0.9201608127687352,0.05750343594183918,0.0653693452418876,0.6777081315485887
2011,Kensington and Chelsea,E09000020,13.560942,2.516044,2,0.04329107263227383,0.9201608127687352,0.05750343594183918,0.0653693452418876,0.6777081315485887
2011,Kingston upon Thames,E09000021,13.258785,5.3452797,5,0.04107931133120912,0.8887178677610097,0.09610485549067455,0.028922543840950537,0.742082677779254
2011,Lambeth,E09000022,13.691174,2.2606363,2,0.04329107263227383,0.9201608127687352,0.05750343594183918,0.0653693452418876,0.6777081315485887
2011,Lewisham,E09000023,13.415743,2.6525192,2,0.04329107263227383,0.9201608127687352,0.05750343594183918,0.0653693452418876,0.6777081315485887
2011,Merton,E09000024,13.017747,3.9293592,2,0.04329107263227383,0.9201608127687352,0.05750343594183918,0.0653693452418876,0.6777081315485887
2011,Newham,E09000025,13.303225,2.906042,2,0.04329107263227383,0.9201608127687352,0.05750343594183918,0.0653693452418876,0.6777081315485887
2011,Redbridge,E09000026,13.039966,3.59004,2,0.04329107263227383,0.9201608127687352,0.05750343594183918,0.0653693452418876,0.6777081315485887
2011,Richmond upon Thames,E09000027,13.09185,4.316007,2,0.04329107263227383,0.9201608127687352,0.05750343594183918,0.0653693452418876,0.6777081315485887
2011,Southwark,E09000028,13.654136,2.296794,2,0.04329107263227383,0.9201608127687352,0.05750343594183918,0.0653693452418876,0.6777081315485887
2011,Sutton,E09000029,13.000839,4.399163,2,0.04329107263227383,0.9201608127687352,0.05750343594183918,0.0653693452418876,0.6777081315485887
2011,Tower Hamlets,E09000030,13.690369,2.2302508,2,0.04329107263227383,0.9201608127687352,0.05750343594183918,0.0653693452418876,0.6777081315485887
2011,Waltham Forest,E09000031,13.200111,3.3579655,2,0.04329107263227383,0.9201608127687352,0.05750343594183918,0.0653693452418876,0.6777081315485887
2011,Wandsworth,E09000032,13.6385355,2.3076718,2,0.04329107263227383,0.9201608127687352,0.05750343594183918,0.0653693452418876,0.6777081315485887
2011,Westminster,E09000033,13.719129,2.197507,2,0.04329107263227383,0.9201608127687352,0.05750343594183918,0.0653693452418876,0.6777081315485887
2011,Isle of Anglesey,W06000001,13.196317,10.574604,4,0.0,0.8392208207724637,0.1429094997654229,0.023097547549591962,1.0
2011,Gwynedd,W06000002,12.042054,8.411078,1,0.01601746523100145,0.8886416051560649,0.10078856494712357,0.041129470799826,0.8146538567795654
2011,Conwy,W06000003,12.851675,7.7553663,5,0.04107931133120912,0.8887178677610097,0.09610485549067455,0.028922543840950537,0.742082677779254
2011,Denbighshire,W06000004,13.848906,9.812318,4,0.0,0.8392208207724637,0.1429094997654229,0.023097547549591962,1.0
2011,Flintshire,W06000005,11.681462,9.076959,1,0.01601746523100145,0.8886416051560649,0.10078856494712357,0.041129470799826,0.8146538567795654
2011,Wrexham,W06000006,12.8811245,8.139099,5,0.04107931133120912,0.8887178677610097,0.09610485549067455,0.028922543840950537,0.742082677779254
2011,Ceredigion,W06000008,12.538875,10.552557,4,0.0,0.8392208207724637,0.1429094997654229,0.023097547549591962,1.0
2011,Pembrokeshire,W06000009,10.44813,8.636918,1,0.01601746523100145,0.8886416051560649,0.10078856494712357,0.041129470799826,0.8146538567795654
2011,Carmarthenshire,W06000010,11.113234,8.309431,1,0.01601746523100145,0.8886416051560649,0.10078856494712357,0.041129470799826,0.8146538567795654
2011,Swansea,W06000011,12.353875,4.3896832,2,0.04329107263227383,0.9201608127687352,0.05750343594183918,0.0653693452418876,0.6777081315485887
2011,Neath Port Talbot,W06000012,12.54888,7.0422115,5,0.04107931133120912,0.8887178677610097,0.09610485549067455,0.028922543840950537,0.742082677779254
2011,Bridgend,W06000013,12.568626,7.1365676,5,0.04107931133120912,0.8887178677610097,0.09610485549067455,0.028922543840950537,0.742082677779254
2011,Vale of Glamorgan,W06000014,11.75162,8.389478,1,0.01601746523100145,0.8886416051560649,0.10078856494712357,0.041129470799826,0.8146538567795654
2011,Cardiff,W06000015,12.982411,3.2576623,2,0.04329107263227383,0.9201608127687352,0.05750343594183918,0.0653693452418876,0.6777081315485887
2011,Rhondda Cynon Taff,W06000016,12.0963,3.9140916,2,0.04329107263227383,0.9201608127687352,0.05750343594183918,0.0653693452418876,0.6777081315485887
2011,Caerphilly,W06000018,12.257829,6.1272836,5,0.04107931133120912,0.8887178677610097,0.09610485549067455,0.028922543840950537,0.742082677779254
2011,Blaenau Gwent,W06000019,13.816742,8.334012,5,0.04107931133120912,0.8887178677610097,0.09610485549067455,0.028922543840950537,0.742082677779254
2011,Torfaen,W06000020,13.697407,8.125931,5,0.04107931133120912,0.8887178677610097,0.09610485549067455,0.028922543840950537,0.742082677779254
2011,Monmouthshire,W06000021,13.8824625,9.829892,4,0.0,0.8392208207724637,0.1429094997654229,0.023097547549591962,1.0
2011,Newport,W06000022,12.596797,6.123772,5,0.04107931133120912,0.8887178677610097,0.09610485549067455,0.028922543840950537,0.742082677779254
2011,Powys,W06000023,10.453285,8.477058,1,0.01601746523100145,0.8886416051560649,0.10078856494712357,0.041129470799826,0.8146538567795654
2011,Merthyr Tydfil,W06000024,13.96768,8.932181,4,0.0,0.8392208207724637,0.1429094997654229,0.023097547549591962,1.0
2021,Hartlepool,E06000001,-0.7513769,3.9590096,5,1.0,0.01572372355881123,0.6726746786948586,0.11004902282974482,0.001992856046132696
2021,Middlesbrough,E06000002,-1.1293113,3.3676486,5,1.0,0.01572372355881123,0.6726746786948586,0.11004902282974482,0.001992856046132696
2021,Redcar and Cleveland,E06000003,-0.80446005,3.6476698,5,1.0,0.01572372355881123,0.6726746786948586,0.11004902282974482,0.001992856046132696
2021,Stockton-on-Tees,E06000004,-1.2407689,3.250787,5,1.0,0.01572372355881123,0.6726746786948586,0.11004902282974482,0.001992856046132696
2021,Darlington,E06000005,-0.69981045,3.854009,5,1.0,0.01572372355881123,0.6726746786948586,0.11004902282974482,0.001992856046132696
2021,Halton,E06000006,-1.1087354,3.3120992,5,1.0,0.01572372355881123,0.6726746786948586,0.11004902282974482,0.001992856046132696
2021,Warrington,E06000007,-1.4943674,3.061843,5,1.0,0.01572372355881123,0.6726746786948586,0.11004902282974482,0.001992856046132696
2021,Blackburn with Darwen,E06000008,-1.6537796,2.895682,5,1.0,0.01572372355881123,0.6726746786948586,0.11004902282974482,0.001992856046132696
2021,Blackpool,E06000009,-1.479726,3.2300968,5,1.0,0.01572372355881123,0.6726746786948586,0.11004902282974482,0.001992856046132696
2021,"Kingston upon Hull, City of",E06000010,-4.287818,2.014066,2,0.6517606540414281,0.08927767667844518,0.9999999999999999,0.045799862442465464,0.0
2021,East Riding of Yorkshire,E06000011,1.0273138,12.039997,3,0.9874911642962885,0.0,0.6671972982340505,0.5636931765200666,0.018762395160546314
2021,North East Lincolnshire,E06000012,-1.5598031,2.9751935,5,1.0,0.01572372355881123,0.6726746786948586,0.11004902282974482,0.001992856046132696
2021,North Lincolnshire,E06000013,-0.91302407,8.932346,1,0.8811368602154916,0.018754566592911234,0.7241548377466864,1.0,0.0341306374617493
2021,York,E06000014,-3.1073542,3.2551441,2,0.6517606540414281,0.08927767667844518,0.9999999999999999,0.045799862442465464,0.0
2021,Derby,E06000015,-3.2205253,3.2952633,2,0.6517606540414281,0.08927767667844518,0.9999999999999999,0.045799862442465464,0.0
2021,Leicester,E06000016,-4.258853,2.6003273,2,0.6517606540414281,0.08927767667844518,0.9999999999999999,0.045799862442465464,0.0
2021,Rutland,E06000017,1.2919202,4.964649,4,0.919562548480658,0.013895660461691314,0.725098608667439,0.5081923852886113,0.04785271261376525
2021,Nottingham,E06000018,-4.2589974,2.654181,2,0.6517606540414281,0.08927767667844518,0.9999999999999999,0.045799862442465464,0.0
2021,"Herefordshire, County of",E06000019,-0.80189013,10.095408,1,0.8811368602154916,0.018754566592911234,0.7241548377466864,1.0,0.0341306374617493
2021,Telford and Wrekin,E06000020,-1.4049406,5.7669063,4,0.919562548480658,0.013895660461691314,0.725098608667439,0.5081923852886113,0.04785271261376525
2021,Stoke-on-Trent,E06000021,-3.786332,2.140137,2,0.6517606540414281,0.08927767667844518,0.9999999999999999,0.045799862442465464,0.0
2021,Bath and North East Somerset,E06000022,-3.1321492,3.2638574,2,0.6517606540414281,0.08927767667844518,0.9999999999999999,0.045799862442465464,0.0
2021,"Bristol, City of",E06000023,-4.8229947,2.0718884,2,0.6517606540414281,0.08927767667844518,0.9999999999999999,0.045799862442465464,0.0
2021,North Somerset,E06000024,-0.47286105,10.474338,1,0.8811368602154916,0.018754566592911234,0.7241548377466864,1.0,0.0341306374617493
2021,South Gloucestershire,E06000025,0.77308863,11.85981,3,0.9874911642962885,0.0,0.6671972982340505,0.5636931765200666,0.018762395160546314
2021,Plymouth,E06000026,-4.0771394,2.2789972,2,0.6517606540414281,0.08927767667844518,0.9999999999999999,0.045799862442465464,0.0
2021,Torbay,E06000027,-1.6988318,5.2009177,5,1.0,0.01572372355881123,0.6726746786948586,0.11004902282974482,0.001992856046132696
2021,Bournemouth,E06000028,-5.504201,2.95228,2,0.6517606540414281,0.08927767667844518,0.9999999999999999,0.045799862442465464,0.0
2021,Poole,E06000029,-5.4477587,2.9659064,2,0.6517606540414281,0.08927767667844518,0.9999999999999999,0.045799862442465464,0.0
2021,Swindon,E06000030,-3.5359244,3.0711665,2,0.6517606540414281,0.08927767667844518,0.9999999999999999,0.045799862442465464,0.0
2021,Peterborough,E06000031,-1.6837994,8.494125,1,0.8811368602154916,0.018754566592911234,0.7241548377466864,1.0,0.0341306374617493
2021,Luton,E06000032,-3.1670504,4.1060114,2,0.6517606540414281,0.08927767667844518,0.9999999999999999,0.045799862442465464,0.0
2021,Southend-on-Sea,E06000033,-2.88654,4.3233466,5,1.0,0.01572372355881123,0.6726746786948586,0.11004902282974482,0.001992856046132696
2021,Thurrock,E06000034,-3.2159224,3.4981344,2,0.6517606540414281,0.08927767667844518,0.9999999999999999,0.045799862442465464,0.0
2021,Medway,E06000035,1.2542582,11.94598,3,0.9874911642962885,0.0,0.6671972982340505,0.5636931765200666,0.018762395160546314
2021,Bracknell Forest,E06000036,-0.7864875,10.119991,1,0.8811368602154916,0.018754566592911234,0.7241548377466864,1.0,0.0341306374617493
2021,West Berkshire,E06000037,-1.0795898,9.651678,1,0.8811368602154916,0.018754566592911234,0.7241548377466864,1.0,0.0341306374617493
2021,Reading,E06000038,-3.529156,3.8391485,2,0.6517606540414281,0.08927767667844518,0.9999999999999999,0.045799862442465464,0.0
2021,Slough,E06000039,-2.7930605,4.392146,5,1.0,0.01572372355881123,0.6726746786948586,0.11004902282974482,0.001992856046132696
2021,Windsor and Maidenhead,E06000040,-1.211235,9.493408,1,0.8811368602154916,0.018754566592911234,0.7241548377466864,1.0,0.0341306374617493
2021,Wokingham,E06000041,-1.0658344,9.444489,1,0.8811368602154916,0.018754566592911234,0.7241548377466864,1.0,0.0341306374617493
2021,Milton Keynes,E06000042,-3.9279697,3.0726364,2,0.6517606540414281,0.08927767667844518,0.9999999999999999,0.045799862442465464,0.0
2021,Brighton and Hove,E06000043,-4.9365287,2.954845,2,0.6517606540414281,0.08927767667844518,0.9999999999999999,0.045799862442465464,0.0
2021,Portsmouth,E06000044,-4.287956,2.5620518,2,0.6517606540414281,0.08927767667844518,0.9999999999999999,0.045799862442465464,0.0
2021,Southampton,E06000045,-5.1574855,3.0095816,2,0.6517606540414281,0.08927767667844518,0.9999999999999999,0.045799862442465464,0.0
2021,Isle of Wight,E06000046,-1.2488753,7.174589,4,0.919562548480658,0.013895660461691314,0.725098608667439,0.5081923852886113,0.04785271261376525
2021,County Durham,E06000047,-4.5226283,1.9222448,2,0.6517606540414281,0.08927767667844518,0.9999999999999999,0.045799862442465464,0.0
2021,Cheshire East,E06000049,0.9964434,11.99885,3,0.9874911642962885,0.0,0.6671972982340505,0.5636931765200666,0.018762395160546314
2021,Cheshire West and Chester,E06000050,0.8955668,12.368197,3,0.9874911642962885,0.0,0.6671972982340505,0.5636931765200666,0.018762395160546314
2021,Shropshire,E06000051,-0.42404312,10.55361,1,0.8811368602154916,0.018754566592911234,0.7241548377466864,1.0,0.0341306374617493
2021,Cornwall,E06000052,1.0334525,13.083636,3,0.9874911642962885,0.0,0.6671972982340505,0.5636931765200666,0.018762395160546314
2021,Isles of Scilly,E06000053,1.47081,4.6288447,4,0.919562548480658,0.013895660461691314,0.725098608667439,0.5081923852886113,0.04785271261376525
2021,Wiltshire,E06000054,0.9588418,12.800621,3,0.9874911642962885,0.0,0.6671972982340505,0.5636931765200666,0.018762395160546314
2021,Bedford,E06000055,-1.3015616,9.413443,1,0.8811368602154916,0.018754566592911234,0.7241548377466864,1.0,0.0341306374617493
2021,Central Bedfordshire,E06000056,0.69752395,11.818465,3,0.9874911642962885,0.0,0.6671972982340505,0.5636931765200666,0.018762395160546314
2021,Northumberland,E06000057,-4.0009146,2.1195507,2,0.6517606540414281,0.08927767667844518,0.9999999999999999,0.045799862442465464,0.0
2021,Aylesbury Vale,E07000004,0.93440837,12.621108,3,0.9874911642962885,0.0,0.6671972982340505,0.5636931765200666,0.018762395160546314
2021,Chiltern,E07000005,0.92834187,12.61186,3,0.9874911642962885,0.0,0.6671972982340505,0.5636931765200666,0.018762395160546314
2021,South Bucks,E07000006,0.93033403,12.619212,3,0.9874911642962885,0.0,0.6671972982340505,0.5636931765200666,0.018762395160546314
2021,Wycombe,E07000007,0.9312355,12.606198,3,0.9874911642962885,0.0,0.6671972982340505,0.5636931765200666,0.018762395160546314
2021,Cambridge,E07000008,-2.9165254,4.304777,5,1.0,0.01572372355881123,0.6726746786948586,0.11004902282974482,0.001992856046132696
2021,East Cambridgeshire,E07000009,-0.12682281,7.210749,4,0.919562548480658,0.013895660461691314,0.725098608667439,0.5081923852886113,0.04785271261376525
2021,Fenland,E07000010,-0.2136491,7.3937225,4,0.919562548480658,0.013895660461691314,0.725098608667439,0.5081923852886113,0.04785271261376525
2021,Huntingdonshire,E07000011,-1.3812836,8.944448,1,0.8811368602154916,0.018754566592911234,0.7241548377466864,1.0,0.0341306374617493
2021,South Cambridgeshire,E07000012,-1.024841,9.493477,1,0.8811368602154916,0.018754566592911234,0.7241548377466864,1.0,0.0341306374617493
2021,Allerdale,E07000026,-1.0523362,4.567303,5,1.0,0.01572372355881123,0.6726746786948586,0.11004902282974482,0.001992856046132696
2021,Barrow-in-Furness,E07000027,-1.116945,4.687417,5,1.0,0.01572372355881123,0.6726746786948586,0.11004902282974482,0.001992856046132696
2021,Carlisle,E07000028,-0.64909756,3.953257,5,1.0,0.01572372355881123,0.6726746786948586,0.11004902282974482,0.001992856046132696
2021,Copeland,E07000029,0.20979367,6.256844,4,0.919562548480658,0.013895660461691314,0.725098608667439,0.5081923852886113,0.04785271261376525
2021,Eden,E07000030,1.2046338,4.9822965,4,0.919562548480658,0.013895660461691314,0.725098608667439,0.5081923852886113,0.04785271261376525
2021,South Lakeland,E07000031,-1.0247029,4.6554236,5,1.0,0.01572372355881123,0.6726746786948586,0.11004902282974482,0.001992856046132696
2021,Amber Valley,E07000032,-0.26374632,4.0626364,5,1.0,0.01572372355881123,0.6726746786948586,0.11004902282974482,0.001992856046132696
2021,Bolsover,E07000033,1.1202209,4.6774817,4,0.919562548480658,0.013895660461691314,0.725098608667439,0.5081923852886113,0.04785271261376525
2021,Chesterfield,E07000034,0.1936128,4.5676584,4,0.919562548480658,0.013895660461691314,0.725098608667439,0.5081923852886113,0.04785271261376525
2021,Derbyshire Dales,E07000035,1.27131,4.6717544,4,0.919562548480658,0.013895660461691314,0.725098608667439,0.5081923852886113,0.04785271261376525
2021,Erewash,E07000036,0.09660219,4.3552494,5,1.0,0.01572372355881123,0.6726746786948586,0.11004902282974482,0.001992856046132696
2021,High Peak,E07000037,-0.8510673,4.1056485,5,1.0,0.01572372355881123,0.6726746786948586,0.11004902282974482,0.001992856046132696
2021,North East Derbyshire,E07000038,0.47610968,5.7246165,4,0.919562548480658,0.013895660461691314,0.725098608667439,0.5081923852886113,0.04785271261376525
2021,South Derbyshire,E07000039,-0.22093728,6.986234,4,0.919562548480658,0.013895660461691314,0.725098608667439,0.5081923852886113,0.04785271261376525
2021,East Devon,E07000040,-1.2707497,6.818071,4,0.919562548480658,0.013895660461691314,0.725098608667439,0.5081923852886113,0.04785271261376525
2021,Exeter,E07000041,-1.5315753,5.9777584,4,0.919562548480658,0.013895660461691314,0.725098608667439,0.5081923852886113,0.04785271261376525
2021,Mid Devon,E07000042,0.2473489,6.154498,4,0.919562548480658,0.013895660461691314,0.725098608667439,0.5081923852886113,0.04785271261376525
2021,North Devon,E07000043,-0.5537416,6.9035163,4,0.919562548480658,0.013895660461691314,0.725098608667439,0.5081923852886113,0.04785271261376525
2021,South Hams,E07000044,-0.04506326,6.4904256,4,0.919562548480658,0.013895660461691314,0.725098608667439,0.5081923852886113,0.04785271261376525
2021,Teignbridge,E07000045,-0.5010689,10.525711,1,0.8811368602154916,0.018754566592911234,0.7241548377466864,1.0,0.0341306374617493
2021,Torridge,E07000046,0.41673443,5.8811035,4,0.919562548480658,0.013895660461691314,0.725098608667439,0.5081923852886113,0.04785271261376525
2021,West Devon,E07000047,1.1259652,5.105859,4,0.919562548480658,0.013895660461691314,0.725098608667439,0.5081923852886113,0.04785271261376525
2021,Christchurch,E07000048,-5.4290833,2.9695904,2,0.6517606540414281,0.08927767667844518,0.9999999999999999,0.045799862442465464,0.0
2021,East Dorset,E07000049,1.0547916,13.050585,3,0.9874911642962885,0.0,0.6671972982340505,0.5636931765200666,0.018762395160546314
2021,North Dorset,E07000050,1.0564276,13.0509815,3,0.9874911642962885,0.0,0.6671972982340505,0.5636931765200666,0.018762395160546314
2021,Purbeck,E07000051,1.0488622,13.05109,3,0.9874911642962885,0.0,0.6671972982340505,0.5636931765200666,0.018762395160546314
2021,West Dorset,E07000052,1.0078825,12.9986925,3,0.9874911642962885,0.0,0.6671972982340505,0.5636931765200666,0.018762395160546314
2021,Weymouth and Portland,E07000053,0.98269016,12.979414,3,0.9874911642962885,0.0,0.6671972982340505,0.5636931765200666,0.018762395160546314
2021,Eastbourne,E07000061,-2.323189,4.496475,5,1.0,0.01572372355881123,0.6726746786948586,0.11004902282974482,0.001992856046132696
2021,Hastings,E07000062,-0.48983938,4.6169705,5,1.0,0.01572372355881123,0.6726746786948586,0.11004902282974482,0.001992856046132696
2021,Lewes,E07000063,-0.54971397,6.633181,4,0.919562548480658,0.013895660461691314,0.725098608667439,0.5081923852886113,0.04785271261376525
2021,Rother,E07000064,-0.041400403,5.775799,4,0.919562548480658,0.013895660461691314,0.725098608667439,0.5081923852886113,0.04785271261376525
2021,Wealden,E07000065,-0.78900075,10.051176,1,0.8811368602154916,0.018754566592911234,0.7241548377466864,1.0,0.0341306374617493
2021,Basildon,E07000066,-3.241444,3.239124,2,0.6517606540414281,0.08927767667844518,0.9999999999999999,0.045799862442465464,0.0
2021,Braintree,E07000067,-1.4385483,5.0037136,5,1.0,0.01572372355881123,0.6726746786948586,0.11004902282974482,0.001992856046132696
2021,Brentwood,E07000068,0.8372997,4.654631,4,0.919562548480658,0.013895660461691314,0.725098608667439,0.5081923852886113,0.04785271261376525
2021,Castle Point,E07000069,-0.43792778,10.483594,1,0.8811368602154916,0.018754566592911234,0.7241548377466864,1.0,0.0341306374617493
2021,Chelmsford,E07000070,-1.3105218,9.392187,1,0.8811368602154916,0.018754566592911234,0.7241548377466864,1.0,0.0341306374617493
2021,Colchester,E07000071,-2.7389185,4.4261384,5,1.0,0.01572372355881123,0.6726746786948586,0.11004902282974482,0.001992856046132696
2021,Epping Forest,E07000072,-1.0982997,9.742322,1,0.8811368602154916,0.018754566592911234,0.7241548377466864,1.0,0.0341306374617493
2021,Harlow,E07000073,-1.373201,3.203348,5,1.0,0.01572372355881123,0.6726746786948586,0.11004902282974482,0.001992856046132696
2021,Maldon,E07000074,0.2977853,6.55317,4,0.919562548480658,0.013895660461691314,0.725098608667439,0.5081923852886113,0.04785271261376525
2021,Rochford,E07000075,-0.5928223,8.956828,1,0.8811368602154916,0.018754566592911234,0.7241548377466864,1.0,0.0341306374617493
2021,Tendring,E07000076,-0.8290384,9.9372,1,0.8811368602154916,0.018754566592911234,0.7241548377466864,1.0,0.0341306374617493
2021,Uttlesford,E07000077,0.23446798,5.865452,4,0.919562548480658,0.013895660461691314,0.725098608667439,0.5081923852886113,0.04785271261376525
2021,Cheltenham,E07000078,-1.3732759,5.8000636,4,0.919562548480658,0.013895660461691314,0.725098608667439,0.5081923852886113,0.04785271261376525
2021,Cotswold,E07000079,-0.24890436,6.8088336,4,0.919562548480658,0.013895660461691314,0.725098608667439,0.5081923852886113,0.04785271261376525
2021,Forest of Dean,E07000080,0.016034745,6.821622,4,0.919562548480658,0.013895660461691314,0.725098608667439,0.5081923852886113,0.04785271261376525
2021,Gloucester,E07000081,-1.3984575,5.3018913,5,1.0,0.01572372355881123,0.6726746786948586,0.11004902282974482,0.001992856046132696
2021,Stroud,E07000082,-0.4006741,6.714404,4,0.919562548480658,0.013895660461691314,0.725098608667439,0.5081923852886113,0.04785271261376525
2021,Tewkesbury,E07000083,-0.77432436,9.204921,1,0.8811368602154916,0.018754566592911234,0.7241548377466864,1.0,0.0341306374617493
2021,Basingstoke and Deane,E07000084,-3.0745704,3.2258937,2,0.6517606540414281,0.08927767667844518,0.9999999999999999,0.045799862442465464,0.0
2021,East Hampshire,E07000085,-0.65426403,6.7050743,4,0.919562548480658,0.013895660461691314,0.725098608667439,0.5081923852886113,0.04785271261376525
2021,Eastleigh,E07000086,-1.3200662,6.637817,4,0.919562548480658,0.013895660461691314,0.725098608667439,0.5081923852886113,0.04785271261376525
2021,Fareham,E07000087,-0.27982467,5.3659606,4,0.919562548480658,0.013895660461691314,0.725098608667439,0.5081923852886113,0.04785271261376525
2021,Gosport,E07000088,-1.4465266,4.9145675,5,1.0,0.01572372355881123,0.6726746786948586,0.11004902282974482,0.001992856046132696
2021,Hart,E07000089,0.05516646,5.633395,4,0.919562548480658,0.013895660461691314,0.725098608667439,0.5081923852886113,0.04785271261376525
2021,Havant,E07000090,-1.5471492,5.078642,5,1.0,0.01572372355881123,0.6726746786948586,0.11004902282974482,0.001992856046132696
2021,New Forest,E07000091,-0.412588,10.503395,1,0.8811368602154916,0.018754566592911234,0.7241548377466864,1.0,0.0341306374617493
2021,Rushmoor,E07000092,-0.9330969,5.2763653,4,0.919562548480658,0.013895660461691314,0.725098608667439,0.5081923852886113,0.04785271261376525
2021,Test Valley,E07000093,-1.2181964,6.7717924,4,0.919562548480658,0.013895660461691314,0.725098608667439,0.5081923852886113,0.04785271261376525
2021,Winchester,E07000094,-1.0554814,9.542956,1,0.8811368602154916,0.018754566592911234,0.7241548377466864,1.0,0.0341306374617493
2021,Broxbourne,E07000095,-1.6109352,5.1360717,5,1.0,0.01572372355881123,0.6726746786948586,0.11004902282974482,0.001992856046132696
2021,Dacorum,E07000096,-3.1202588,3.3402212,2,0.6517606540414281,0.08927767667844518,0.9999999999999999,0.045799862442465464,0.0
2021,Hertsmere,E07000098,-1.0599754,5.333764,4,0.919562548480658,0.013895660461691314,0.725098608667439,0.5081923852886113,0.04785271261376525
2021,North Hertfordshire,E07000099,-1.4373751,6.139948,4,0.919562548480658,0.013895660461691314,0.725098608667439,0.5081923852886113,0.04785271261376525
2021,Three Rivers,E07000102,-0.13164188,5.9266677,4,0.919562548480658,0.013895660461691314,0.725098608667439,0.5081923852886113,0.04785271261376525
2021,Watford,E07000103,-2.1761189,4.518357,5,1.0,0.01572372355881123,0.6726746786948586,0.11004902282974482,0.001992856046132696
2021,Ashford,E07000105,-1.1038489,9.490325,1,0.8811368602154916,0.018754566592911234,0.7241548377466864,1.0,0.0341306374617493
2021,Canterbury,E07000106,-1.1460867,9.578031,1,0.8811368602154916,0.018754566592911234,0.7241548377466864,1.0,0.0341306374617493
2021,Dartford,E07000107,-1.7605575,4.9360037,5,1.0,0.01572372355881123,0.6726746786948586,0.11004902282974482,0.001992856046132696
2021,Dover,E07000108,-1.371698,6.211803,4,0.919562548480658,0.013895660461691314,0.725098608667439,0.5081923852886113,0.04785271261376525
2021,Gravesham,E07000109,-1.2013454,4.7226186,5,1.0,0.01572372355881123,0.6726746786948586,0.11004902282974482,0.001992856046132696
2021,Maidstone,E07000110,-0.8691657,10.043937,1,0.8811368602154916,0.018754566592911234,0.7241548377466864,1.0,0.0341306374617493
2021,Sevenoaks,E07000111,-0.97715825,8.9827,1,0.8811368602154916,0.018754566592911234,0.7241548377466864,1.0,0.0341306374617493
2021,Folkestone and Hythe,E07000112,-1.1979975,5.2225385,5,1.0,0.01572372355881123,0.6726746786948586,0.11004902282974482,0.001992856046132696
2021,Swale,E07000113,-1.5483422,8.74249,1,0.8811368602154916,0.018754566592911234,0.7241548377466864,1.0,0.0341306374617493
2021,Thanet,E07000114,-1.4175591,7.5220017,1,0.8811368602154916,0.018754566592911234,0.7241548377466864,1.0,0.0341306374617493
2021,Tonbridge and Malling,E07000115,-1.2657642,5.1636987,5,1.0,0.01572372355881123,0.6726746786948586,0.11004902282974482,0.001992856046132696
2021,Tunbridge Wells,E07000116,-0.65869844,5.236509,4,0.919562548480658,0.013895660461691314,0.725098608667439,0.5081923852886113,0.04785271261376525
2021,Burnley,E07000117,-0.9503246,3.4440284,5,1.0,0.01572372355881123,0.6726746786948586,0.11004902282974482,0.001992856046132696
2021,Chorley,E07000118,-1.0639907,4.6206236,5,1.0,0.01572372355881123,0.6726746786948586,0.11004902282974482,0.001992856046132696
2021,Fylde,E07000119,-0.77975196,9.228761,1,0.8811368602154916,0.018754566592911234,0.7241548377466864,1.0,0.0341306374617493
2021,Hyndburn,E07000120,-0.93894845,3.5076482,5,1.0,0.01572372355881123,0.6726746786948586,0.11004902282974482,0.001992856046132696
2021,Lancaster,E07000121,-1.4351742,9.1282625,1,0.8811368602154916,0.018754566592911234,0.7241548377466864,1.0,0.0341306374617493
2021,Pendle,E07000122,-0.9778504,3.4394443,5,1.0,0.01572372355881123,0.6726746786948586,0.11004902282974482,0.001992856046132696
2021,Preston,E07000123,-1.3234103,3.2091267,5,1.0,0.01572372355881123,0.6726746786948586,0.11004902282974482,0.001992856046132696
2021,Ribble Valley,E07000124,0.022643827,6.485489,4,0.919562548480658,0.013895660461691314,0.725098608667439,0.5081923852886113,0.04785271261376525
2021,Rossendale,E07000125,-0.5528171,3.9241846,5,1.0,0.01572372355881123,0.6726746786948586,0.11004902282974482,0.001992856046132696
2021,South Ribble,E07000126,0.27378762,5.445165,4,0.919562548480658,0.013895660461691314,0.725098608667439,0.5081923852886113,0.04785271261376525
2021,West Lancashire,E07000127,-0.8808946,8.840085,1,0.8811368602154916,0.018754566592911234,0.7241548377466864,1.0,0.0341306374617493
2021,Wyre,E07000128,-0.36581343,10.548525,1,0.8811368602154916,0.018754566592911234,0.7241548377466864,1.0,0.0341306374617493
2021,Blaby,E07000129,1.2292802,4.927948,4,0.919562548480658,0.013895660461691314,0.725098608667439,0.5081923852886113,0.04785271261376525
2021,Charnwood,E07000130,-1.2696493,6.7469177,4,0.919562548480658,0.013895660461691314,0.725098608667439,0.5081923852886113,0.04785271261376525
2021,Harborough,E07000131,0.33208537,6.0254626,4,0.919562548480658,0.013895660461691314,0.725098608667439,0.5081923852886113,0.04785271261376525
2021,Hinckley and Bosworth,E07000132,0.42558795,5.289913,4,0.919562548480658,0.013895660461691314,0.725098608667439,0.5081923852886113,0.04785271261376525
2021,Melton,E07000133,1.3710947,4.7223983,4,0.919562548480658,0.013895660461691314,0.725098608667439,0.5081923852886113,0.04785271261376525
2021,North West Leicestershire,E07000134,-0.16161324,6.965854,4,0.919562548480658,0.013895660461691314,0.725098608667439,0.5081923852886113,0.04785271261376525
2021,Oadby and Wigston,E07000135,1.4334677,4.608831,4,0.919562548480658,0.013895660461691314,0.725098608667439,0.5081923852886113,0.04785271261376525
2021,Boston,E07000136,1.2333567,5.011653,4,0.919562548480658,0.013895660461691314,0.725098608667439,0.5081923852886113,0.04785271261376525
2021,East Lindsey,E07000137,-0.42274523,10.491515,1,0.8811368602154916,0.018754566592911234,0.7241548377466864,1.0,0.0341306374617493
2021,Lincoln,E07000138,-0.39932802,4.2062454,5,1.0,0.01572372355881123,0.6726746786948586,0.11004902282974482,0.001992856046132696
2021,North Kesteven,E07000139,-0.2311512,7.4119024,4,0.919562548480658,0.013895660461691314,0.725098608667439,0.5081923852886113,0.04785271261376525
2021,South Holland,E07000140,0.53965306,5.895893,4,0.919562548480658,0.013895660461691314,0.725098608667439,0.5081923852886113,0.04785271261376525
2021,South Kesteven,E07000141,-0.9956087,9.604788,1,0.8811368602154916,0.018754566592911234,0.7241548377466864,1.0,0.0341306374617493
2021,West Lindsey,E07000142,-0.77991825,9.268681,1,0.8811368602154916,0.018754566592911234,0.7241548377466864,1.0,0.0341306374617493
2021,Breckland,E07000143,-0.10917229,6.453975,4,0.919562548480658,0.013895660461691314,0.725098608667439,0.5081923852886113,0.04785271261376525
2021,Broadland,E07000144,-0.06774325,7.088346,4,0.919562548480658,0.013895660461691314,0.725098608667439,0.5081923852886113,0.04785271261376525
2021,Great Yarmouth,E07000145,-1.1725439,9.029823,1,0.8811368602154916,0.018754566592911234,0.7241548377466864,1.0,0.0341306374617493
2021,King's Lynn and West Norfolk,E07000146,-0.854948,8.815963,1,0.8811368602154916,0.018754566592911234,0.7241548377466864,1.0,0.0341306374617493
2021,North Norfolk,E07000147,-0.14348172,6.732137,4,0.919562548480658,0.013895660461691314,0.725098608667439,0.5081923852886113,0.04785271261376525
2021,Norwich,E07000148,-3.6424356,3.8116212,2,0.6517606540414281,0.08927767667844518,0.9999999999999999,0.045799862442465464,0.0
2021,South Norfolk,E07000149,0.339099,5.5425406,4,0.919562548480658,0.013895660461691314,0.725098608667439,0.5081923852886113,0.04785271261376525
2021,Corby,E07000150,1.0277647,12.02073,3,0.9874911642962885,0.0,0.6671972982340505,0.5636931765200666,0.018762395160546314
2021,Daventry,E07000151,1.1973493,12.013873,3,0.9874911642962885,0.0,0.6671972982340505,0.5636931765200666,0.018762395160546314
2021,East Northamptonshire,E07000152,1.0445101,12.019029,3,0.9874911642962885,0.0,0.6671972982340505,0.5636931765200666,0.018762395160546314
2021,Kettering,E07000153,1.0674664,12.052141,3,0.9874911642962885,0.0,0.6671972982340505,0.5636931765200666,0.018762395160546314
2021,Northampton,E07000154,1.2403796,11.977785,3,0.9874911642962885,0.0,0.6671972982340505,0.5636931765200666,0.018762395160546314
2021,South Northamptonshire,E07000155,1.2210408,11.976087,3,0.9874911642962885,0.0,0.6671972982340505,0.5636931765200666,0.018762395160546314
2021,Wellingborough,E07000156,1.0268718,12.031281,3,0.9874911642962885,0.0,0.6671972982340505,0.5636931765200666,0.018762395160546314
2021,Craven,E07000163,0.18950392,6.289181,4,0.919562548480658,0.013895660461691314,0.725098608667439,0.5081923852886113,0.04785271261376525
2021,Hambleton,E07000164,0.5406057,5.313104,4,0.919562548480658,0.013895660461691314,0.725098608667439,0.5081923852886113,0.04785271261376525
2021,Harrogate,E07000165,-1.3912917,9.350161,1,0.8811368602154916,0.018754566592911234,0.7241548377466864,1.0,0.0341306374617493
2021,Richmondshire,E07000166,1.3965385,4.743817,4,0.919562548480658,0.013895660461691314,0.725098608667439,0.5081923852886113,0.04785271261376525
2021,Ryedale,E07000167,1.328599,4.8303723,4,0.919562548480658,0.013895660461691314,0.725098608667439,0.5081923852886113,0.04785271261376525
2021,Scarborough,E07000168,-0.31912762,4.369667,5,1.0,0.01572372355881123,0.6726746786948586,0.11004902282974482,0.001992856046132696
2021,Selby,E07000169,0.8366791,4.9528413,4,0.919562548480658,0.013895660461691314,0.725098608667439,0.5081923852886113,0.04785271261376525
2021,Ashfield,E07000170,-0.20190188,4.197959,5,1.0,0.01572372355881123,0.6726746786948586,0.11004902282974482,0.001992856046132696
2021,Bassetlaw,E07000171,0.118696995,6.3173275,4,0.919562548480658,0.013895660461691314,0.725098608667439,0.5081923852886113,0.04785271261376525
2021,Broxtowe,E07000172,0.3816085,4.5814524,4,0.919562548480658,0.013895660461691314,0.725098608667439,0.5081923852886113,0.04785271261376525
2021,Gedling,E07000173,-0.07707765,5.6142845,4,0.919562548480658,0.013895660461691314,0.725098608667439,0.5081923852886113,0.04785271261376525
2021,Mansfield,E07000174,0.60348034,4.9372063,4,0.919562548480658,0.013895660461691314,0.725098608667439,0.5081923852886113,0.04785271261376525
2021,Newark and Sherwood,E07000175,-0.2650515,6.9128847,4,0.919562548480658,0.013895660461691314,0.725098608667439,0.5081923852886113,0.04785271261376525
2021,Rushcliffe,E07000176,-0.03032636,7.115794,4,0.919562548480658,0.013895660461691314,0.725098608667439,0.5081923852886113,0.04785271261376525
2021,Cherwell,E07000177,-1.3087796,5.3866315,5,1.0,0.01572372355881123,0.6726746786948586,0.11004902282974482,0.001992856046132696
2021,Oxford,E07000178,-2.7409308,4.418234,5,1.0,0.01572372355881123,0.6726746786948586,0.11004902282974482,0.001992856046132696
2021,South Oxfordshire,E07000179,-0.66676015,10.238087,1,0.8811368602154916,0.018754566592911234,0.7241548377466864,1.0,0.0341306374617493
2021,Vale of White Horse,E07000180,-0.96339196,8.854592,1,0.8811368602154916,0.018754566592911234,0.7241548377466864,1.0,0.0341306374617493
2021,West Oxfordshire,E07000181,-0.4753911,6.6909018,4,0.919562548480658,0.013895660461691314,0.725098608667439,0.5081923852886113,0.04785271261376525
2021,Mendip,E07000187,-1.1220831,4.734102,5,1.0,0.01572372355881123,0.6726746786948586,0.11004902282974482,0.001992856046132696
2021,Sedgemoor,E07000188,-1.1204183,9.137306,1,0.8811368602154916,0.018754566592911234,0.7241548377466864,1.0,0.0341306374617493
2021,South Somerset,E07000189,-1.5590557,8.704093,1,0.8811368602154916,0.018754566592911234,0.7241548377466864,1.0,0.0341306374617493
2021,Taunton Deane,E07000190,-1.6219915,8.497639,1,0.8811368602154916,0.018754566592911234,0.7241548377466864,1.0,0.0341306374617493
2021,West Somerset,E07000191,-1.6558917,8.501067,1,0.8811368602154916,0.018754566592911234,0.7241548377466864,1.0,0.0341306374617493
2021,Cannock Chase,E07000192,1.0710005,4.640844,4,0.919562548480658,0.013895660461691314,0.725098608667439,0.5081923852886113,0.04785271261376525
2021,East Staffordshire,E07000193,-1.0459611,4.6036706,5,1.0,0.01572372355881123,0.6726746786948586,0.11004902282974482,0.001992856046132696
2021,Lichfield,E07000194,-0.017774357,5.8752375,4,0.919562548480658,0.013895660461691314,0.725098608667439,0.5081923852886113,0.04785271261376525
2021,Newcastle-under-Lyme,E07000195,-0.18731898,4.2636747,5,1.0,0.01572372355881123,0.6726746786948586,0.11004902282974482,0.001992856046132696
2021,South Staffordshire,E07000196,-0.78423864,9.6703825,1,0.8811368602154916,0.018754566592911234,0.7241548377466864,1.0,0.0341306374617493
2021,Stafford,E07000197,-0.6701286,6.7133017,4,0.919562548480658,0.013895660461691314,0.725098608667439,0.5081923852886113,0.04785271261376525
2021,Staffordshire Moorlands,E07000198,1.06746,4.834144,4,0.919562548480658,0.013895660461691314,0.725098608667439,0.5081923852886113,0.04785271261376525
2021,Tamworth,E07000199,0.642129,5.006726,4,0.919562548480658,0.013895660461691314,0.725098608667439,0.5081923852886113,0.04785271261376525
2021,Babergh,E07000200,0.6563715,4.928685,4,0.919562548480658,0.013895660461691314,0.725098608667439,0.5081923852886113,0.04785271261376525
2021,Forest Heath,E07000201,-1.6897557,8.467344,1,0.8811368602154916,0.018754566592911234,0.7241548377466864,1.0,0.0341306374617493
2021,Ipswich,E07000202,-2.4972618,4.4974957,5,1.0,0.01572372355881123,0.6726746786948586,0.11004902282974482,0.001992856046132696
2021,Mid Suffolk,E07000203,-0.06974114,6.886958,4,0.919562548480658,0.013895660461691314,0.725098608667439,0.5081923852886113,0.04785271261376525
2021,St Edmundsbury,E07000204,-1.6510468,8.456318,1,0.8811368602154916,0.018754566592911234,0.7241548377466864,1.0,0.0341306374617493
2021,Suffolk Coastal,E07000205,0.53224576,11.623543,3,0.9874911642962885,0.0,0.6671972982340505,0.5636931765200666,0.018762395160546314
2021,Waveney,E07000206,0.61691594,11.708863,3,0.9874911642962885,0.0,0.6671972982340505,0.5636931765200666,0.018762395160546314
2021,Elmbridge,E07000207,-2.147332,4.533087,5,1.0,0.01572372355881123,0.6726746786948586,0.11004902282974482,0.001992856046132696
2021,Epsom and Ewell,E07000208,1.0229,4.581748,4,0.919562548480658,0.013895660461691314,0.725098608667439,0.5081923852886113,0.04785271261376525
2021,Guildford,E07000209,-1.2092224,7.2389164,4,0.919562548480658,0.013895660461691314,0.725098608667439,0.5081923852886113,0.04785271261376525
2021,Mole Valley,E07000210,-0.78658074,9.514392,1,0.8811368602154916,0.018754566592911234,0.7241548377466864,1.0,0.0341306374617493
2021,Reigate and Banstead,E07000211,-1.3431817,5.8123584,4,0.919562548480658,0.013895660461691314,0.725098608667439,0.5081923852886113,0.04785271261376525
2021,Runnymede,E07000212,-0.45432356,10.467109,1,0.8811368602154916,0.018754566592911234,0.7241548377466864,1.0,0.0341306374617493
2021,Spelthorne,E07000213,-1.1975577,5.5867968,4,0.919562548480658,0.013895660461691314,0.725098608667439,0.5081923852886113,0.04785271261376525
2021,Surrey Heath,E07000214,0.01532421,5.8015842,4,0.919562548480658,0.013895660461691314,0.725098608667439,0.5081923852886113,0.04785271261376525
2021,Tandridge,E07000215,-0.17027652,6.2424955,4,0.919562548480658,0.013895660461691314,0.725098608667439,0.5081923852886113,0.04785271261376525
2021,Waverley,E07000216,-0.37917173,5.371996,4,0.919562548480658,0.013895660461691314,0.725098608667439,0.5081923852886113,0.04785271261376525
2021,Woking,E07000217,-0.6465607,5.1037564,4,0.919562548480658,0.013895660461691314,0.725098608667439,0.5081923852886113,0.04785271261376525
2021,North Warwickshire,E07000218,1.0337795,4.942407,4,0.919562548480658,0.013895660461691314,0.725098608667439,0.5081923852886113,0.04785271261376525
2021,Nuneaton and Bedworth,E07000219,-1.3244054,4.919031,5,1.0,0.01572372355881123,0.6726746786948586,0.11004902282974482,0.001992856046132696
2021,Rugby,E07000220,-0.9585094,4.7531304,5,1.0,0.01572372355881123,0.6726746786948586,0.11004902282974482,0.001992856046132696
2021,Stratford-on-Avon,E07000221,-0.7208441,10.142262,1,0.8811368602154916,0.018754566592911234,0.7241548377466864,1.0,0.0341306374617493
2021,Warwick,E07000222,-1.798679,4.950252,5,1.0,0.01572372355881123,0.6726746786948586,0.11004902282974482,0.001992856046132696
2021,Adur,E07000223,0.015588653,5.8446155,4,0.919562548480658,0.013895660461691314,0.725098608667439,0.5081923852886113,0.04785271261376525
2021,Arun,E07000224,-0.6111728,10.340454,1,0.8811368602154916,0.018754566592911234,0.7241548377466864,1.0,0.0341306374617493
2021,Chichester,E07000225,-1.0261275,9.061064,1,0.8811368602154916,0.018754566592911234,0.7241548377466864,1.0,0.0341306374617493
2021,Crawley,E07000226,-1.4356143,3.1742191,5,1.0,0.01572372355881123,0.6726746786948586,0.11004902282974482,0.001992856046132696
2021,Horsham,E07000227,-1.2766633,7.311222,4,0.919562548480658,0.013895660461691314,0.725098608667439,0.5081923852886113,0.04785271261376525
2021,Mid Sussex,E07000228,-1.35322,5.606744,4,0.919562548480658,0.013895660461691314,0.725098608667439,0.5081923852886113,0.04785271261376525
2021,Worthing,E07000229,-2.2273128,4.5090995,5,1.0,0.01572372355881123,0.6726746786948586,0.11004902282974482,0.001992856046132696
2021,Bromsgrove,E07000234,-0.13020079,7.021929,4,0.919562548480658,0.013895660461691314,0.725098608667439,0.5081923852886113,0.04785271261376525
2021,Malvern Hills,E07000235,-0.054671187,7.123887,4,0.919562548480658,0.013895660461691314,0.725098608667439,0.5081923852886113,0.04785271261376525
2021,Redditch,E07000236,-0.15375006,4.3071694,5,1.0,0.01572372355881123,0.6726746786948586,0.11004902282974482,0.001992856046132696
2021,Worcester,E07000237,-0.35959774,4.469182,5,1.0,0.01572372355881123,0.6726746786948586,0.11004902282974482,0.001992856046132696
2021,Wychavon,E07000238,-0.7016584,10.16252,1,0.8811368602154916,0.018754566592911234,0.7241548377466864,1.0,0.0341306374617493
2021,Wyre Forest,E07000239,-0.45921224,10.450057,1,0.8811368602154916,0.018754566592911234,0.7241548377466864,1.0,0.0341306374617493
2021,St Albans,E07000240,-1.4852947,5.4759617,5,1.0,0.01572372355881123,0.6726746786948586,0.11004902282974482,0.001992856046132696
2021,Welwyn Hatfield,E07000241,-1.8392045,4.8852725,5,1.0,0.01572372355881123,0.6726746786948586,0.11004902282974482,0.001992856046132696
2021,East Hertfordshire,E07000242,-1.7954901,5.015883,5,1.0,0.01572372355881123,0.6726746786948586,0.11004902282974482,0.001992856046132696
2021,Stevenage,E07000243,-1.2070738,3.290745,5,1.0,0.01572372355881123,0.6726746786948586,0.11004902282974482,0.001992856046132696
2021,Bolton,E08000001,-3.917943,2.1186705,2,0.6517606540414281,0.08927767667844518,0.9999999999999999,0.045799862442465464,0.0
2021,Bury,E08000002,-1.5881983,2.9839778,5,1.0,0.01572372355881123,0.6726746786948586,0.11004902282974482,0.001992856046132696
2021,Manchester,E08000003,-4.9343157,2.1312926,2,0.6517606540414281,0.08927767667844518,0.9999999999999999,0.045799862442465464,0.0
2021,Oldham,E08000004,-3.9032829,2.0716887,2,0.6517606540414281,0.08927767667844518,0.9999999999999999,0.045799862442465464,0.0
2021,Rochdale,E08000005,-3.803772,2.1248493,2,0.6517606540414281,0.08927767667844518,0.9999999999999999,0.045799862442465464,0.0
2021,Salford,E08000006,-4.8275056,2.8307576,2,0.6517606540414281,0.08927767667844518,0.9999999999999999,0.045799862442465464,0.0
2021,Stockport,E08000007,-3.818506,3.3035293,2,0.6517606540414281,0.08927767667844518,0.9999999999999999,0.045799862442465464,0.0
2021,Tameside,E08000008,-3.9374766,2.2164264,2,0.6517606540414281,0.08927767667844518,0.9999999999999999,0.045799862442465464,0.0
2021,Trafford,E08000009,-3.6256537,3.7322748,2,0.6517606540414281,0.08927767667844518,0.9999999999999999,0.045799862442465464,0.0
2021,Wigan,E08000010,-3.9312077,2.0298874,2,0.6517606540414281,0.08927767667844518,0.9999999999999999,0.045799862442465464,0.0
2021,Knowsley,E08000011,-1.422945,3.1863346,5,1.0,0.01572372355881123,0.6726746786948586,0.11004902282974482,0.001992856046132696
2021,Liverpool,E08000012,-4.7358074,2.0248463,2,0.6517606540414281,0.08927767667844518,0.9999999999999999,0.045799862442465464,0.0
2021,St. Helens,E08000013,-1.6021814,2.939351,5,1.0,0.01572372355881123,0.6726746786948586,0.11004902282974482,0.001992856046132696
2021,Sefton,E08000014,-3.6247356,3.673926,2,0.6517606540414281,0.08927767667844518,0.9999999999999999,0.045799862442465464,0.0
2021,Wirral,E08000015,-4.000048,2.508505,2,0.6517606540414281,0.08927767667844518,0.9999999999999999,0.045799862442465464,0.0
2021,Barnsley,E08000016,-1.6801815,2.870002,5,1.0,0.01572372355881123,0.6726746786948586,0.11004902282974482,0.001992856046132696
2021,Doncaster,E08000017,0.67396146,11.77885,3,0.9874911642962885,0.0,0.6671972982340505,0.5636931765200666,0.018762395160546314
2021,Rotherham,E08000018,-1.5209984,3.0542912,5,1.0,0.01572372355881123,0.6726746786948586,0.11004902282974482,0.001992856046132696
2021,Sheffield,E08000019,-4.838389,2.0980048,2,0.6517606540414281,0.08927767667844518,0.9999999999999999,0.045799862442465464,0.0
2021,Newcastle upon Tyne,E08000021,-4.756615,2.8579204,2,0.6517606540414281,0.08927767667844518,0.9999999999999999,0.045799862442465464,0.0
2021,North Tyneside,E08000022,-3.5911708,3.6568775,2,0.6517606540414281,0.08927767667844518,0.9999999999999999,0.045799862442465464,0.0
2021,South Tyneside,E08000023,-1.4997997,3.081686,5,1.0,0.01572372355881123,0.6726746786948586,0.11004902282974482,0.001992856046132696
2021,Sunderland,E08000024,-3.8838964,2.11181,2,0.6517606540414281,0.08927767667844518,0.9999999999999999,0.045799862442465464,0.0
2021,Birmingham,E08000025,-4.85527,2.076364,2,0.6517606540414281,0.08927767667844518,0.9999999999999999,0.045799862442465464,0.0
2021,Coventry,E08000026,-4.3835135,2.0143945,2,0.6517606540414281,0.08927767667844518,0.9999999999999999,0.045799862442465464,0.0
2021,Dudley,E08000027,-3.6057634,3.7572083,2,0.6517606540414281,0.08927767667844518,0.9999999999999999,0.045799862442465464,0.0
2021,Sandwell,E08000028,-4.1511574,2.8095279,2,0.6517606540414281,0.08927767667844518,0.9999999999999999,0.045799862442465464,0.0
2021,Solihull,E08000029,-2.7665627,4.4122276,5,1.0,0.01572372355881123,0.6726746786948586,0.11004902282974482,0.001992856046132696
2021,Walsall,E08000030,-3.573754,3.3784769,2,0.6517606540414281,0.08927767667844518,0.9999999999999999,0.045799862442465464,0.0
2021,Wolverhampton,E08000031,-3.25937,4.0781264,2,0.6517606540414281,0.08927767667844518,0.9999999999999999,0.045799862442465464,0.0
2021,Bradford,E08000032,-4.578397,1.9643085,2,0.6517606540414281,0.08927767667844518,0.9999999999999999,0.045799862442465464,0.0
2021,Calderdale,E08000033,-3.9930222,2.0897486,2,0.6517606540414281,0.08927767667844518,0.9999999999999999,0.045799862442465464,0.0
2021,Kirklees,E08000034,-4.3762183,1.9359701,2,0.6517606540414281,0.08927767667844518,0.9999999999999999,0.045799862442465464,0.0
2021,Leeds,E08000035,-4.850263,2.0765414,2,0.6517606540414281,0.08927767667844518,0.9999999999999999,0.045799862442465464,0.0
2021,Wakefield,E08000036,-3.9556766,2.2245061,2,0.6517606540414281,0.08927767667844518,0.9999999999999999,0.045799862442465464,0.0
2021,Gateshead,E08000037,-3.5954833,3.713011,2,0.6517606540414281,0.08927767667844518,0.9999999999999999,0.045799862442465464,0.0
2021,City of London,E09000001,1.455909,4.6069164,4,0.919562548480658,0.013895660461691314,0.725098608667439,0.5081923852886113,0.04785271261376525
2021,Barking and Dagenham,E09000002,-4.112847,2.8160112,2,0.6517606540414281,0.08927767667844518,0.9999999999999999,0.045799862442465464,0.0
2021,Barnet,E09000003,-5.6047134,2.695468,2,0.6517606540414281,0.08927767667844518,0.9999999999999999,0.045799862442465464,0.0
2021,Bexley,E09000004,-3.690836,3.6596334,2,0.6517606540414281,0.08927767667844518,0.9999999999999999,0.045799862442465464,0.0
2021,Brent,E09000005,-5.414555,2.9000306,2,0.6517606540414281,0.08927767667844518,0.9999999999999999,0.045799862442465464,0.0
2021,Bromley,E09000006,-4.8685246,2.9179883,2,0.6517606540414281,0.08927767667844518,0.9999999999999999,0.045799862442465464,0.0
2021,Camden,E09000007,-5.7461743,2.781215,2,0.6517606540414281,0.08927767667844518,0.9999999999999999,0.045799862442465464,0.0
2021,Croydon,E09000008,-5.268016,2.4064279,2,0.6517606540414281,0.08927767667844518,0.9999999999999999,0.045799862442465464,0.0
2021,Ealing,E09000009,-5.4113526,2.495983,2,0.6517606540414281,0.08927767667844518,0.9999999999999999,0.045799862442465464,0.0
2021,Enfield,E09000010,-4.85722,2.6345637,2,0.6517606540414281,0.08927767667844518,0.9999999999999999,0.045799862442465464,0.0
2021,Greenwich,E09000011,-5.4699893,2.5394833,2,0.6517606540414281,0.08927767667844518,0.9999999999999999,0.045799862442465464,0.0
2021,Hackney,E09000012,-5.8079047,2.7682753,2,0.6517606540414281,0.08927767667844518,0.9999999999999999,0.045799862442465464,0.0
2021,Hammersmith and Fulham,E09000013,-5.255608,2.9534755,2,0.6517606540414281,0.08927767667844518,0.9999999999999999,0.045799862442465464,0.0
2021,Haringey,E09000014,-5.0802765,2.858574,2,0.6517606540414281,0.08927767667844518,0.9999999999999999,0.045799862442465464,0.0
2021,Harrow,E09000015,-3.522816,3.9602342,2,0.6517606540414281,0.08927767667844518,0.9999999999999999,0.045799862442465464,0.0
2021,Havering,E09000016,-3.6234407,3.4141226,2,0.6517606540414281,0.08927767667844518,0.9999999999999999,0.045799862442465464,0.0
2021,Hillingdon,E09000017,-4.592233,3.203142,2,0.6517606540414281,0.08927767667844518,0.9999999999999999,0.045799862442465464,0.0
2021,Hounslow,E09000018,-5.2434564,2.9873824,2,0.6517606540414281,0.08927767667844518,0.9999999999999999,0.045799862442465464,0.0
2021,Islington,E09000019,-5.7552304,2.7790358,2,0.6517606540414281,0.08927767667844518,0.9999999999999999,0.045799862442465464,0.0
2021,Kensington and Chelsea,E09000020,-5.3398304,3.0116107,2,0.6517606540414281,0.08927767667844518,0.9999999999999999,0.045799862442465464,0.0
2021,Kingston upon Thames,E09000021,-2.9985678,4.283275,5,1.0,0.01572372355881123,0.6726746786948586,0.11004902282974482,0.001992856046132696
2021,Lambeth,E09000022,-5.7863355,2.6973865,2,0.6517606540414281,0.08927767667844518,0.9999999999999999,0.045799862442465464,0.0
2021,Lewisham,E09000023,-5.3922315,2.4495215,2,0.6517606540414281,0.08927767667844518,0.9999999999999999,0.045799862442465464,0.0
2021,Merton,E09000024,-4.1564927,2.8948202,2,0.6517606540414281,0.08927767667844518,0.9999999999999999,0.045799862442465464,0.0
2021,Newham,E09000025,-5.3763328,2.3539402,2,0.6517606540414281,0.08927767667844518,0.9999999999999999,0.045799862442465464,0.0
2021,Redbridge,E09000026,-4.4255104,2.7199605,2,0.6517606540414281,0.08927767667844518,0.9999999999999999,0.045799862442465464,0.0
2021,Richmond upon Thames,E09000027,-3.8511217,3.598101,2,0.6517606540414281,0.08927767667844518,0.9999999999999999,0.045799862442465464,0.0
2021,Southwark,E09000028,-5.7683525,2.7108347,2,0.6517606540414281,0.08927767667844518,0.9999999999999999,0.045799862442465464,0.0
2021,Sutton,E09000029,-3.740252,3.7214255,2,0.6517606540414281,0.08927767667844518,0.9999999999999999,0.045799862442465464,0.0
2021,Tower Hamlets,E09000030,-5.73367,2.7169588,2,0.6517606540414281,0.08927767667844518,0.9999999999999999,0.045799862442465464,0.0
2021,Waltham Forest,E09000031,-4.7315884,2.703226,2,0.6517606540414281,0.08927767667844518,0.9999999999999999,0.045799862442465464,0.0
2021,Wandsworth,E09000032,-5.633604,2.550694,2,0.6517606540414281,0.08927767667844518,0.9999999999999999,0.045799862442465464,0.0
2021,Westminster,E09000033,-5.819007,2.8033934,2,0.6517606540414281,0.08927767667844518,0.9999999999999999,0.045799862442465464,0.0
2021,Isle of Anglesey,W06000001,0.5586045,5.508802,4,0.919562548480658,0.013895660461691314,0.725098608667439,0.5081923852886113,0.04785271261376525
2021,Gwynedd,W06000002,-1.1449498,4.415587,5,1.0,0.01572372355881123,0.6726746786948586,0.11004902282974482,0.001992856046132696
2021,Conwy,W06000003,-0.1511289,5.2077465,4,0.919562548480658,0.013895660461691314,0.725098608667439,0.5081923852886113,0.04785271261376525
2021,Denbighshire,W06000004,1.0621746,4.9079523,4,0.919562548480658,0.013895660461691314,0.725098608667439,0.5081923852886113,0.04785271261376525
2021,Flintshire,W06000005,-0.21985456,6.6307583,4,0.919562548480658,0.013895660461691314,0.725098608667439,0.5081923852886113,0.04785271261376525
2021,Wrexham,W06000006,-0.5727988,4.4054933,5,1.0,0.01572372355881123,0.6726746786948586,0.11004902282974482,0.001992856046132696
2021,Ceredigion,W06000008,0.3924349,6.0277205,4,0.919562548480658,0.013895660461691314,0.725098608667439,0.5081923852886113,0.04785271261376525
2021,Pembrokeshire,W06000009,-0.8641836,8.869135,1,0.8811368602154916,0.018754566592911234,0.7241548377466864,1.0,0.0341306374617493
2021,Carmarthenshire,W06000010,-1.3579487,6.9261255,4,0.919562548480658,0.013895660461691314,0.725098608667439,0.5081923852886113,0.04785271261376525
2021,Swansea,W06000011,-3.3829753,3.152346,2,0.6517606540414281,0.08927767667844518,0.9999999999999999,0.045799862442465464,0.0
2021,Neath Port Talbot,W06000012,-0.861554,3.595534,5,1.0,0.01572372355881123,0.6726746786948586,0.11004902282974482,0.001992856046132696
2021,Bridgend,W06000013,-0.8402448,3.809468,5,1.0,0.01572372355881123,0.6726746786948586,0.11004902282974482,0.001992856046132696
2021,Vale of Glamorgan,W06000014,-1.4103978,6.0402966,4,0.919562548480658,0.013895660461691314,0.725098608667439,0.5081923852886113,0.04785271261376525
2021,Cardiff,W06000015,-4.652443,2.4699743,2,0.6517606540414281,0.08927767667844518,0.9999999999999999,0.045799862442465464,0.0
2021,Rhondda Cynon Taff,W06000016,-4.0819654,1.9882135,2,0.6517606540414281,0.08927767667844518,0.9999999999999999,0.045799862442465464,0.0
2021,Caerphilly,W06000018,-1.6353815,2.9163249,5,1.0,0.01572372355881123,0.6726746786948586,0.11004902282974482,0.001992856046132696
2021,Blaenau Gwent,W06000019,-0.69646615,3.7138793,5,1.0,0.01572372355881123,0.6726746786948586,0.11004902282974482,0.001992856046132696
2021,Torfaen,W06000020,-0.7886773,3.6363568,5,1.0,0.01572372355881123,0.6726746786948586,0.11004902282974482,0.001992856046132696
2021,Monmouthshire,W06000021,0.82388777,4.8671446,4,0.919562548480658,0.013895660461691314,0.725098608667439,0.5081923852886113,0.04785271261376525
2021,Newport,W06000022,-1.5561427,3.0570261,5,1.0,0.01572372355881123,0.6726746786948586,0.11004902282974482,0.001992856046132696
2021,Powys,W06000023,-0.8283787,8.799201,1,0.8811368602154916,0.018754566592911234,0.7241548377466864,1.0,0.0341306374617493
2021,Merthyr Tydfil,W06000024,-0.40769422,3.9483938,5,1.0,0.01572372355881123,0.6726746786948586,0.11004902282974482,0.001992856046132696
