date,geography,geography code,UMAP1,UMAP2,Cluster Label,tenure_of_household_owned_owns_outright_relative_score,tenure_of_household_owned_owns_with_a_mortgage_or_loan_relative_score,tenure_of_household_private_rented_private_landlord_or_letting_agency_relative_score,tenure_of_household_lives_rent_free_relative_score,tenure_of_household_shared_ownership_relative_score
2011,Hartlepool,E06000001,-3.0893164,1.8666673,3,0.0012517329201092702,0.9697303492417091,0.3688653352338964,0.7653426122097923,0.8381496722179798
2011,Middlesbrough,E06000002,-0.03554889,2.6812575,5,0.0,0.9267400254981564,0.42785276513831827,0.8634475940130687,0.933617204887528
2011,Redcar and Cleveland,E06000003,-0.4089234,1.4512829,1,0.0010589330457140313,0.932627968141734,0.42114437500680213,0.835037149276134,0.8643404040273122
2011,Stockton-on-Tees,E06000004,1.7236171,1.2767755,2,0.0016722302818092862,1.0,0.3185970652851985,0.6956182491404861,1.0
2011,Darlington,E06000005,-0.8144878,1.9505847,1,0.0010589330457140313,0.932627968141734,0.42114437500680213,0.835037149276134,0.8643404040273122
2011,Halton,E06000006,-1.9078985,0.91725713,1,0.0010589330457140313,0.932627968141734,0.42114437500680213,0.835037149276134,0.8643404040273122
2011,Warrington,E06000007,1.5373747,1.1722862,2,0.0016722302818092862,1.0,0.3185970652851985,0.6956182491404861,1.0
2011,Blackburn with Darwen,E06000008,0.10717168,2.6264632,5,0.0,0.9267400254981564,0.42785276513831827,0.8634475940130687,0.933617204887528
2011,Blackpool,E06000009,0.4776571,2.0559359,5,0.0,0.9267400254981564,0.42785276513831827,0.8634475940130687,0.933617204887528
2011,"Kingston upon Hull, City of",E06000010,3.749205,2.5183837,4,0.004965302429396669,0.9910839345528806,0.32538071736812024,0.9999999999999999,0.9357602848924886
2011,East Riding of Yorkshire,E06000011,3.5067985,1.6589757,4,0.004965302429396669,0.9910839345528806,0.32538071736812024,0.9999999999999999,0.9357602848924886
2011,North East Lincolnshire,E06000012,0.833029,1.961039,5,0.0,0.9267400254981564,0.42785276513831827,0.8634475940130687,0.933617204887528
2011,North Lincolnshire,E06000013,0.5374587,1.5606648,5,0.0,0.9267400254981564,0.42785276513831827,0.8634475940130687,0.933617204887528
2011,York,E06000014,1.9645852,2.8039677,2,0.0016722302818092862,1.0,0.3185970652851985,0.6956182491404861,1.0
2011,Derby,E06000015,2.5028968,1.6408514,2,0.0016722302818092862,1.0,0.3185970652851985,0.6956182491404861,1.0
2011,Leicester,E06000016,3.9430077,2.5770504,4,0.004965302429396669,0.9910839345528806,0.32538071736812024,0.9999999999999999,0.9357602848924886
2011,Rutland,E06000017,-3.7075663,3.2650702,3,0.0012517329201092702,0.9697303492417091,0.3688653352338964,0.7653426122097923,0.8381496722179798
2011,Nottingham,E06000018,3.9651752,2.5305052,4,0.004965302429396669,0.9910839345528806,0.32538071736812024,0.9999999999999999,0.9357602848924886
2011,"Herefordshire, County of",E06000019,0.83385324,3.1955113,5,0.0,0.9267400254981564,0.42785276513831827,0.8634475940130687,0.933617204887528
2011,Telford and Wrekin,E06000020,0.6367357,2.2636976,5,0.0,0.9267400254981564,0.42785276513831827,0.8634475940130687,0.933617204887528
2011,Stoke-on-Trent,E06000021,2.5155356,1.6295698,2,0.0016722302818092862,1.0,0.3185970652851985,0.6956182491404861,1.0
2011,Bath and North East Somerset,E06000022,0.8933084,2.3038552,5,0.0,0.9267400254981564,0.42785276513831827,0.8634475940130687,0.933617204887528
2011,"Bristol, City of",E06000023,4.4694777,2.1290698,4,0.004965302429396669,0.9910839345528806,0.32538071736812024,0.9999999999999999,0.9357602848924886
2011,North Somerset,E06000024,2.025723,1.2795198,2,0.0016722302818092862,1.0,0.3185970652851985,0.6956182491404861,1.0
2011,South Gloucestershire,E06000025,2.9921322,1.407584,2,0.0016722302818092862,1.0,0.3185970652851985,0.6956182491404861,1.0
2011,Plymouth,E06000026,3.8656209,2.4302454,4,0.004965302429396669,0.9910839345528806,0.32538071736812024,0.9999999999999999,0.9357602848924886
2011,Torbay,E06000027,0.14729714,2.0905797,5,0.0,0.9267400254981564,0.42785276513831827,0.8634475940130687,0.933617204887528
2011,Bournemouth,E06000028,3.3731632,2.8446531,4,0.004965302429396669,0.9910839345528806,0.32538071736812024,0.9999999999999999,0.9357602848924886
2011,Poole,E06000029,0.20550662,1.8785012,5,0.0,0.9267400254981564,0.42785276513831827,0.8634475940130687,0.933617204887528
2011,Swindon,E06000030,2.1997423,1.3189896,2,0.0016722302818092862,1.0,0.3185970652851985,0.6956182491404861,1.0
2011,Peterborough,E06000031,0.96151423,3.332682,5,0.0,0.9267400254981564,0.42785276513831827,0.8634475940130687,0.933617204887528
2011,Luton,E06000032,1.9131346,2.5880327,2,0.0016722302818092862,1.0,0.3185970652851985,0.6956182491404861,1.0
2011,Southend-on-Sea,E06000033,1.2358903,2.0680861,2,0.0016722302818092862,1.0,0.3185970652851985,0.6956182491404861,1.0
2011,Thurrock,E06000034,-0.1319956,0.9062063,1,0.0010589330457140313,0.932627968141734,0.42114437500680213,0.835037149276134,0.8643404040273122
2011,Medway,E06000035,3.2151299,2.0804372,4,0.004965302429396669,0.9910839345528806,0.32538071736812024,0.9999999999999999,0.9357602848924886
2011,Bracknell Forest,E06000036,-1.1573534,2.7091691,1,0.0010589330457140313,0.932627968141734,0.42114437500680213,0.835037149276134,0.8643404040273122
2011,West Berkshire,E06000037,0.50595623,2.7841496,5,0.0,0.9267400254981564,0.42785276513831827,0.8634475940130687,0.933617204887528
2011,Reading,E06000038,1.0806837,2.474728,5,0.0,0.9267400254981564,0.42785276513831827,0.8634475940130687,0.933617204887528
2011,Slough,E06000039,-0.5640519,1.975018,1,0.0010589330457140313,0.932627968141734,0.42114437500680213,0.835037149276134,0.8643404040273122
2011,Windsor and Maidenhead,E06000040,0.26365745,3.8505952,5,0.0,0.9267400254981564,0.42785276513831827,0.8634475940130687,0.933617204887528
2011,Wokingham,E06000041,0.20314474,1.1554871,1,0.0010589330457140313,0.932627968141734,0.42114437500680213,0.835037149276134,0.8643404040273122
2011,Milton Keynes,E06000042,2.4465191,1.4823765,2,0.0016722302818092862,1.0,0.3185970652851985,0.6956182491404861,1.0
2011,Brighton and Hove,E06000043,4.122023,2.3362718,4,0.004965302429396669,0.9910839345528806,0.32538071736812024,0.9999999999999999,0.9357602848924886
2011,Portsmouth,E06000044,3.6982553,2.5734265,4,0.004965302429396669,0.9910839345528806,0.32538071736812024,0.9999999999999999,0.9357602848924886
2011,Southampton,E06000045,3.5704699,2.7298086,4,0.004965302429396669,0.9910839345528806,0.32538071736812024,0.9999999999999999,0.9357602848924886
2011,Isle of Wight,E06000046,-0.0041941735,2.020768,5,0.0,0.9267400254981564,0.42785276513831827,0.8634475940130687,0.933617204887528
2011,County Durham,E06000047,4.3828487,1.979089,4,0.004965302429396669,0.9910839345528806,0.32538071736812024,0.9999999999999999,0.9357602848924886
2011,Cheshire East,E06000049,3.486203,1.6407334,4,0.004965302429396669,0.9910839345528806,0.32538071736812024,0.9999999999999999,0.9357602848924886
2011,Cheshire West and Chester,E06000050,3.4259036,1.7235388,4,0.004965302429396669,0.9910839345528806,0.32538071736812024,0.9999999999999999,0.9357602848924886
2011,Shropshire,E06000051,3.537049,2.2507224,4,0.004965302429396669,0.9910839345528806,0.32538071736812024,0.9999999999999999,0.9357602848924886
2011,Cornwall,E06000052,4.7211695,2.1174235,4,0.004965302429396669,0.9910839345528806,0.32538071736812024,0.9999999999999999,0.9357602848924886
2011,Isles of Scilly,E06000053,-5.000199,3.359653,3,0.0012517329201092702,0.9697303492417091,0.3688653352338964,0.7653426122097923,0.8381496722179798
2011,Wiltshire,E06000054,4.668751,2.2132547,4,0.004965302429396669,0.9910839345528806,0.32538071736812024,0.9999999999999999,0.9357602848924886
2011,Bedford,E06000055,0.55424863,2.4798565,5,0.0,0.9267400254981564,0.42785276513831827,0.8634475940130687,0.933617204887528
2011,Central Bedfordshire,E06000056,3.2229974,2.1214018,4,0.004965302429396669,0.9910839345528806,0.32538071736812024,0.9999999999999999,0.9357602848924886
2011,Northumberland,E06000057,3.486756,1.9276867,4,0.004965302429396669,0.9910839345528806,0.32538071736812024,0.9999999999999999,0.9357602848924886
2011,Aylesbury Vale,E07000004,0.7425056,2.813665,5,0.0,0.9267400254981564,0.42785276513831827,0.8634475940130687,0.933617204887528
2011,Chiltern,E07000005,-4.4608502,1.9690547,3,0.0012517329201092702,0.9697303492417091,0.3688653352338964,0.7653426122097923,0.8381496722179798
2011,South Bucks,E07000006,-4.60403,3.0301414,3,0.0012517329201092702,0.9697303492417091,0.3688653352338964,0.7653426122097923,0.8381496722179798
2011,Wycombe,E07000007,0.4900652,3.702547,5,0.0,0.9267400254981564,0.42785276513831827,0.8634475940130687,0.933617204887528
2011,Cambridge,E07000008,0.16632351,3.8818932,5,0.0,0.9267400254981564,0.42785276513831827,0.8634475940130687,0.933617204887528
2011,East Cambridgeshire,E07000009,-4.1976876,2.1316478,3,0.0012517329201092702,0.9697303492417091,0.3688653352338964,0.7653426122097923,0.8381496722179798
2011,Fenland,E07000010,-2.730814,1.7835282,3,0.0012517329201092702,0.9697303492417091,0.3688653352338964,0.7653426122097923,0.8381496722179798
2011,Huntingdonshire,E07000011,0.8312576,2.8028119,5,0.0,0.9267400254981564,0.42785276513831827,0.8634475940130687,0.933617204887528
2011,South Cambridgeshire,E07000012,-0.12375854,3.4898078,5,0.0,0.9267400254981564,0.42785276513831827,0.8634475940130687,0.933617204887528
2011,Allerdale,E07000026,-3.6055474,2.1485107,3,0.0012517329201092702,0.9697303492417091,0.3688653352338964,0.7653426122097923,0.8381496722179798
2011,Barrow-in-Furness,E07000027,-4.2196345,2.2675333,3,0.0012517329201092702,0.9697303492417091,0.3688653352338964,0.7653426122097923,0.8381496722179798
2011,Carlisle,E07000028,-1.543926,1.7739317,1,0.0010589330457140313,0.932627968141734,0.42114437500680213,0.835037149276134,0.8643404040273122
2011,Copeland,E07000029,-4.898824,2.6486487,3,0.0012517329201092702,0.9697303492417091,0.3688653352338964,0.7653426122097923,0.8381496722179798
2011,Eden,E07000030,-4.820467,3.1826508,3,0.0012517329201092702,0.9697303492417091,0.3688653352338964,0.7653426122097923,0.8381496722179798
2011,South Lakeland,E07000031,-2.4487731,2.1284556,1,0.0010589330457140313,0.932627968141734,0.42114437500680213,0.835037149276134,0.8643404040273122
2011,Amber Valley,E07000032,-1.481358,1.1203015,1,0.0010589330457140313,0.932627968141734,0.42114437500680213,0.835037149276134,0.8643404040273122
2011,Bolsover,E07000033,-4.4206147,2.2877765,3,0.0012517329201092702,0.9697303492417091,0.3688653352338964,0.7653426122097923,0.8381496722179798
2011,Chesterfield,E07000034,-2.8337462,1.7288296,3,0.0012517329201092702,0.9697303492417091,0.3688653352338964,0.7653426122097923,0.8381496722179798
2011,Derbyshire Dales,E07000035,-4.611563,3.0605512,3,0.0012517329201092702,0.9697303492417091,0.3688653352338964,0.7653426122097923,0.8381496722179798
2011,Erewash,E07000036,-1.6078717,0.8867951,1,0.0010589330457140313,0.932627968141734,0.42114437500680213,0.835037149276134,0.8643404040273122
2011,High Peak,E07000037,-2.913512,1.6696328,3,0.0012517329201092702,0.9697303492417091,0.3688653352338964,0.7653426122097923,0.8381496722179798
2011,North East Derbyshire,E07000038,-4.0546956,1.7147553,3,0.0012517329201092702,0.9697303492417091,0.3688653352338964,0.7653426122097923,0.8381496722179798
2011,South Derbyshire,E07000039,-3.2508986,1.2324135,3,0.0012517329201092702,0.9697303492417091,0.3688653352338964,0.7653426122097923,0.8381496722179798
2011,East Devon,E07000040,-0.31770098,2.632952,5,0.0,0.9267400254981564,0.42785276513831827,0.8634475940130687,0.933617204887528
2011,Exeter,E07000041,-0.87125474,2.006096,1,0.0010589330457140313,0.932627968141734,0.42114437500680213,0.835037149276134,0.8643404040273122
2011,Mid Devon,E07000042,-4.3602576,2.4697995,3,0.0012517329201092702,0.9697303492417091,0.3688653352338964,0.7653426122097923,0.8381496722179798
2011,North Devon,E07000043,-0.41475376,2.937585,5,0.0,0.9267400254981564,0.42785276513831827,0.8634475940130687,0.933617204887528
2011,South Hams,E07000044,-3.1781104,2.538499,3,0.0012517329201092702,0.9697303492417091,0.3688653352338964,0.7653426122097923,0.8381496722179798
2011,Teignbridge,E07000045,-0.6575277,1.7190452,1,0.0010589330457140313,0.932627968141734,0.42114437500680213,0.835037149276134,0.8643404040273122
2011,Torridge,E07000046,-4.6336837,2.8682404,3,0.0012517329201092702,0.9697303492417091,0.3688653352338964,0.7653426122097923,0.8381496722179798
2011,West Devon,E07000047,-4.7998853,3.1647987,3,0.0012517329201092702,0.9697303492417091,0.3688653352338964,0.7653426122097923,0.8381496722179798
2011,Christchurch,E07000048,-4.9553037,3.0286124,3,0.0012517329201092702,0.9697303492417091,0.3688653352338964,0.7653426122097923,0.8381496722179798
2011,East Dorset,E07000049,-3.5418346,2.7100215,3,0.0012517329201092702,0.9697303492417091,0.3688653352338964,0.7653426122097923,0.8381496722179798
2011,North Dorset,E07000050,-3.3923495,3.2528281,3,0.0012517329201092702,0.9697303492417091,0.3688653352338964,0.7653426122097923,0.8381496722179798
2011,Purbeck,E07000051,-3.779692,3.2667415,3,0.0012517329201092702,0.9697303492417091,0.3688653352338964,0.7653426122097923,0.8381496722179798
2011,West Dorset,E07000052,-3.1444397,2.5062902,3,0.0012517329201092702,0.9697303492417091,0.3688653352338964,0.7653426122097923,0.8381496722179798
2011,Weymouth and Portland,E07000053,-4.565312,2.806228,3,0.0012517329201092702,0.9697303492417091,0.3688653352338964,0.7653426122097923,0.8381496722179798
2011,Eastbourne,E07000061,-0.86838883,2.1283877,1,0.0010589330457140313,0.932627968141734,0.42114437500680213,0.835037149276134,0.8643404040273122
2011,Hastings,E07000062,-0.9024894,2.1019502,1,0.0010589330457140313,0.932627968141734,0.42114437500680213,0.835037149276134,0.8643404040273122
2011,Lewes,E07000063,-2.8405743,1.7308227,3,0.0012517329201092702,0.9697303492417091,0.3688653352338964,0.7653426122097923,0.8381496722179798
2011,Rother,E07000064,-3.3709233,2.2029111,3,0.0012517329201092702,0.9697303492417091,0.3688653352338964,0.7653426122097923,0.8381496722179798
2011,Wealden,E07000065,-0.1690491,1.2679782,1,0.0010589330457140313,0.932627968141734,0.42114437500680213,0.835037149276134,0.8643404040273122
2011,Basildon,E07000066,0.27448568,1.0572746,1,0.0010589330457140313,0.932627968141734,0.42114437500680213,0.835037149276134,0.8643404040273122
2011,Braintree,E07000067,0.13547404,1.3677397,1,0.0010589330457140313,0.932627968141734,0.42114437500680213,0.835037149276134,0.8643404040273122
2011,Brentwood,E07000068,-4.6459584,2.2517357,3,0.0012517329201092702,0.9697303492417091,0.3688653352338964,0.7653426122097923,0.8381496722179798
2011,Castle Point,E07000069,-3.9810395,1.6297393,3,0.0012517329201092702,0.9697303492417091,0.3688653352338964,0.7653426122097923,0.8381496722179798
2011,Chelmsford,E07000070,0.36140317,1.0901122,1,0.0010589330457140313,0.932627968141734,0.42114437500680213,0.835037149276134,0.8643404040273122
2011,Colchester,E07000071,0.58811325,3.706047,5,0.0,0.9267400254981564,0.42785276513831827,0.8634475940130687,0.933617204887528
2011,Epping Forest,E07000072,-1.9947811,0.9037123,1,0.0010589330457140313,0.932627968141734,0.42114437500680213,0.835037149276134,0.8643404040273122
2011,Harlow,E07000073,-4.5651817,1.9751291,3,0.0012517329201092702,0.9697303492417091,0.3688653352338964,0.7653426122097923,0.8381496722179798
2011,Maldon,E07000074,-5.0359645,2.6169662,3,0.0012517329201092702,0.9697303492417091,0.3688653352338964,0.7653426122097923,0.8381496722179798
2011,Rochford,E07000075,-4.28493,1.8475777,3,0.0012517329201092702,0.9697303492417091,0.3688653352338964,0.7653426122097923,0.8381496722179798
2011,Tendring,E07000076,-0.29816055,1.9379401,1,0.0010589330457140313,0.932627968141734,0.42114437500680213,0.835037149276134,0.8643404040273122
2011,Uttlesford,E07000077,-3.4790063,2.8369954,3,0.0012517329201092702,0.9697303492417091,0.3688653352338964,0.7653426122097923,0.8381496722179798
2011,Cheltenham,E07000078,-0.69737613,1.9650092,1,0.0010589330457140313,0.932627968141734,0.42114437500680213,0.835037149276134,0.8643404040273122
2011,Cotswold,E07000079,-3.4698641,3.1865487,3,0.0012517329201092702,0.9697303492417091,0.3688653352338964,0.7653426122097923,0.8381496722179798
2011,Forest of Dean,E07000080,-3.3869097,2.8206933,3,0.0012517329201092702,0.9697303492417091,0.3688653352338964,0.7653426122097923,0.8381496722179798
2011,Gloucester,E07000081,-0.34430784,1.7148002,1,0.0010589330457140313,0.932627968141734,0.42114437500680213,0.835037149276134,0.8643404040273122
2011,Stroud,E07000082,-2.339218,1.0209183,1,0.0010589330457140313,0.932627968141734,0.42114437500680213,0.835037149276134,0.8643404040273122
2011,Tewkesbury,E07000083,-3.255202,3.2030773,3,0.0012517329201092702,0.9697303492417091,0.3688653352338964,0.7653426122097923,0.8381496722179798
2011,Basingstoke and Deane,E07000084,0.32489574,1.0296053,1,0.0010589330457140313,0.932627968141734,0.42114437500680213,0.835037149276134,0.8643404040273122
2011,East Hampshire,E07000085,-0.85617214,3.1947885,5,0.0,0.9267400254981564,0.42785276513831827,0.8634475940130687,0.933617204887528
2011,Eastleigh,E07000086,-1.1143413,0.95587784,1,0.0010589330457140313,0.932627968141734,0.42114437500680213,0.835037149276134,0.8643404040273122
2011,Fareham,E07000087,-1.4933263,2.339795,1,0.0010589330457140313,0.932627968141734,0.42114437500680213,0.835037149276134,0.8643404040273122
2011,Gosport,E07000088,-0.049529128,3.8507833,5,0.0,0.9267400254981564,0.42785276513831827,0.8634475940130687,0.933617204887528
2011,Hart,E07000089,-0.3127266,3.725837,5,0.0,0.9267400254981564,0.42785276513831827,0.8634475940130687,0.933617204887528
2011,Havant,E07000090,-1.8473731,1.1456261,1,0.0010589330457140313,0.932627968141734,0.42114437500680213,0.835037149276134,0.8643404040273122
2011,New Forest,E07000091,0.62578034,2.5432513,5,0.0,0.9267400254981564,0.42785276513831827,0.8634475940130687,0.933617204887528
2011,Rushmoor,E07000092,0.3028014,3.9841115,5,0.0,0.9267400254981564,0.42785276513831827,0.8634475940130687,0.933617204887528
2011,Test Valley,E07000093,-0.24645837,3.720814,5,0.0,0.9267400254981564,0.42785276513831827,0.8634475940130687,0.933617204887528
2011,Winchester,E07000094,-0.39577672,3.6348472,5,0.0,0.9267400254981564,0.42785276513831827,0.8634475940130687,0.933617204887528
2011,Broxbourne,E07000095,-4.1608567,1.4839747,3,0.0012517329201092702,0.9697303492417091,0.3688653352338964,0.7653426122097923,0.8381496722179798
2011,Dacorum,E07000096,-1.0853902,0.65026003,1,0.0010589330457140313,0.932627968141734,0.42114437500680213,0.835037149276134,0.8643404040273122
2011,Hertsmere,E07000098,-3.403437,2.7677596,3,0.0012517329201092702,0.9697303492417091,0.3688653352338964,0.7653426122097923,0.8381496722179798
2011,North Hertfordshire,E07000099,-1.4336231,0.9813426,1,0.0010589330457140313,0.932627968141734,0.42114437500680213,0.835037149276134,0.8643404040273122
2011,Three Rivers,E07000102,-4.124723,2.0242684,3,0.0012517329201092702,0.9697303492417091,0.3688653352338964,0.7653426122097923,0.8381496722179798
2011,Watford,E07000103,-3.0269096,1.621096,3,0.0012517329201092702,0.9697303492417091,0.3688653352338964,0.7653426122097923,0.8381496722179798
2011,Ashford,E07000105,-1.5912548,1.720368,1,0.0010589330457140313,0.932627968141734,0.42114437500680213,0.835037149276134,0.8643404040273122
2011,Canterbury,E07000106,0.72523004,3.239272,5,0.0,0.9267400254981564,0.42785276513831827,0.8634475940130687,0.933617204887528
2011,Dartford,E07000107,-3.0247846,1.3997867,3,0.0012517329201092702,0.9697303492417091,0.3688653352338964,0.7653426122097923,0.8381496722179798
2011,Dover,E07000108,-0.4138499,2.7951682,5,0.0,0.9267400254981564,0.42785276513831827,0.8634475940130687,0.933617204887528
2011,Gravesham,E07000109,-3.0896788,1.7175596,3,0.0012517329201092702,0.9697303492417091,0.3688653352338964,0.7653426122097923,0.8381496722179798
2011,Maidstone,E07000110,0.5380976,2.693061,5,0.0,0.9267400254981564,0.42785276513831827,0.8634475940130687,0.933617204887528
2011,Sevenoaks,E07000111,-2.6166148,1.142706,1,0.0010589330457140313,0.932627968141734,0.42114437500680213,0.835037149276134,0.8643404040273122
2011,Folkestone and Hythe,E07000112,-0.19320762,2.86748,5,0.0,0.9267400254981564,0.42785276513831827,0.8634475940130687,0.933617204887528
2011,Swale,E07000113,-0.30190638,1.5564556,1,0.0010589330457140313,0.932627968141734,0.42114437500680213,0.835037149276134,0.8643404040273122
2011,Thanet,E07000114,0.020763813,2.1756115,5,0.0,0.9267400254981564,0.42785276513831827,0.8634475940130687,0.933617204887528
2011,Tonbridge and Malling,E07000115,-2.0992155,0.9113588,1,0.0010589330457140313,0.932627968141734,0.42114437500680213,0.835037149276134,0.8643404040273122
2011,Tunbridge Wells,E07000116,-2.5181,1.5485107,1,0.0010589330457140313,0.932627968141734,0.42114437500680213,0.835037149276134,0.8643404040273122
2011,Burnley,E07000117,-2.5050483,2.059541,1,0.0010589330457140313,0.932627968141734,0.42114437500680213,0.835037149276134,0.8643404040273122
2011,Chorley,E07000118,-1.9476378,1.0208821,1,0.0010589330457140313,0.932627968141734,0.42114437500680213,0.835037149276134,0.8643404040273122
2011,Fylde,E07000119,-3.1222177,2.5896027,3,0.0012517329201092702,0.9697303492417091,0.3688653352338964,0.7653426122097923,0.8381496722179798
2011,Hyndburn,E07000120,-2.559157,2.0053518,1,0.0010589330457140313,0.932627968141734,0.42114437500680213,0.835037149276134,0.8643404040273122
2011,Lancaster,E07000121,0.16801037,2.0216787,5,0.0,0.9267400254981564,0.42785276513831827,0.8634475940130687,0.933617204887528
2011,Pendle,E07000122,-2.5696135,1.9426513,1,0.0010589330457140313,0.932627968141734,0.42114437500680213,0.835037149276134,0.8643404040273122
2011,Preston,E07000123,-0.19444457,2.194889,5,0.0,0.9267400254981564,0.42785276513831827,0.8634475940130687,0.933617204887528
2011,Ribble Valley,E07000124,-4.704133,3.032019,3,0.0012517329201092702,0.9697303492417091,0.3688653352338964,0.7653426122097923,0.8381496722179798
2011,Rossendale,E07000125,-4.389293,2.3179522,3,0.0012517329201092702,0.9697303492417091,0.3688653352338964,0.7653426122097923,0.8381496722179798
2011,South Ribble,E07000126,-2.029067,0.9381931,1,0.0010589330457140313,0.932627968141734,0.42114437500680213,0.835037149276134,0.8643404040273122
2011,West Lancashire,E07000127,-2.378766,0.98989034,1,0.0010589330457140313,0.932627968141734,0.42114437500680213,0.835037149276134,0.8643404040273122
2011,Wyre,E07000128,-2.2150843,1.6219537,1,0.0010589330457140313,0.932627968141734,0.42114437500680213,0.835037149276134,0.8643404040273122
2011,Blaby,E07000129,-3.5456555,1.2812954,3,0.0012517329201092702,0.9697303492417091,0.3688653352338964,0.7653426122097923,0.8381496722179798
2011,Charnwood,E07000130,0.32276362,1.3814563,5,0.0,0.9267400254981564,0.42785276513831827,0.8634475940130687,0.933617204887528
2011,Harborough,E07000131,-4.1549244,1.6750057,3,0.0012517329201092702,0.9697303492417091,0.3688653352338964,0.7653426122097923,0.8381496722179798
2011,Hinckley and Bosworth,E07000132,-2.1113586,0.975326,1,0.0010589330457140313,0.932627968141734,0.42114437500680213,0.835037149276134,0.8643404040273122
2011,Melton,E07000133,-4.925646,3.0754576,3,0.0012517329201092702,0.9697303492417091,0.3688653352338964,0.7653426122097923,0.8381496722179798
2011,North West Leicestershire,E07000134,-3.7506275,1.3965935,3,0.0012517329201092702,0.9697303492417091,0.3688653352338964,0.7653426122097923,0.8381496722179798
2011,Oadby and Wigston,E07000135,-5.064439,2.873792,3,0.0012517329201092702,0.9697303492417091,0.3688653352338964,0.7653426122097923,0.8381496722179798
2011,Boston,E07000136,-4.6460066,3.1252608,3,0.0012517329201092702,0.9697303492417091,0.3688653352338964,0.7653426122097923,0.8381496722179798
2011,East Lindsey,E07000137,-0.15505615,2.6592329,5,0.0,0.9267400254981564,0.42785276513831827,0.8634475940130687,0.933617204887528
2011,Lincoln,E07000138,-2.4754217,1.997541,1,0.0010589330457140313,0.932627968141734,0.42114437500680213,0.835037149276134,0.8643404040273122
2011,North Kesteven,E07000139,-0.14374512,3.7549279,5,0.0,0.9267400254981564,0.42785276513831827,0.8634475940130687,0.933617204887528
2011,South Holland,E07000140,-3.8871925,2.2266862,3,0.0012517329201092702,0.9697303492417091,0.3688653352338964,0.7653426122097923,0.8381496722179798
2011,South Kesteven,E07000141,-0.33350235,1.5455384,1,0.0010589330457140313,0.932627968141734,0.42114437500680213,0.835037149276134,0.8643404040273122
2011,West Lindsey,E07000142,-3.3038187,2.6978393,3,0.0012517329201092702,0.9697303492417091,0.3688653352338964,0.7653426122097923,0.8381496722179798
2011,Breckland,E07000143,-0.45788646,2.475244,5,0.0,0.9267400254981564,0.42785276513831827,0.8634475940130687,0.933617204887528
2011,Broadland,E07000144,-1.495472,1.1546651,1,0.0010589330457140313,0.932627968141734,0.42114437500680213,0.835037149276134,0.8643404040273122
2011,Great Yarmouth,E07000145,-2.9088964,2.4229822,3,0.0012517329201092702,0.9697303492417091,0.3688653352338964,0.7653426122097923,0.8381496722179798
2011,King's Lynn and West Norfolk,E07000146,0.3389928,3.6983035,5,0.0,0.9267400254981564,0.42785276513831827,0.8634475940130687,0.933617204887528
2011,North Norfolk,E07000147,-2.9612215,2.3942423,3,0.0012517329201092702,0.9697303492417091,0.3688653352338964,0.7653426122097923,0.8381496722179798
2011,Norwich,E07000148,-0.097371474,2.137889,5,0.0,0.9267400254981564,0.42785276513831827,0.8634475940130687,0.933617204887528
2011,South Norfolk,E07000149,-1.4973547,1.2206992,1,0.0010589330457140313,0.932627968141734,0.42114437500680213,0.835037149276134,0.8643404040273122
2011,Corby,E07000150,-4.9867744,2.685202,3,0.0012517329201092702,0.9697303492417091,0.3688653352338964,0.7653426122097923,0.8381496722179798
2011,Daventry,E07000151,-4.448569,2.0673835,3,0.0012517329201092702,0.9697303492417091,0.3688653352338964,0.7653426122097923,0.8381496722179798
2011,East Northamptonshire,E07000152,-4.0663395,1.4716173,3,0.0012517329201092702,0.9697303492417091,0.3688653352338964,0.7653426122097923,0.8381496722179798
2011,Kettering,E07000153,-2.8165827,1.4517341,3,0.0012517329201092702,0.9697303492417091,0.3688653352338964,0.7653426122097923,0.8381496722179798
2011,Northampton,E07000154,2.2491338,1.3635116,2,0.0016722302818092862,1.0,0.3185970652851985,0.6956182491404861,1.0
2011,South Northamptonshire,E07000155,-4.1032243,1.8164351,3,0.0012517329201092702,0.9697303492417091,0.3688653352338964,0.7653426122097923,0.8381496722179798
2011,Wellingborough,E07000156,-4.2378345,2.2375634,3,0.0012517329201092702,0.9697303492417091,0.3688653352338964,0.7653426122097923,0.8381496722179798
2011,Craven,E07000163,-4.6814456,3.1697843,3,0.0012517329201092702,0.9697303492417091,0.3688653352338964,0.7653426122097923,0.8381496722179798
2011,Hambleton,E07000164,-0.343672,3.7910256,5,0.0,0.9267400254981564,0.42785276513831827,0.8634475940130687,0.933617204887528
2011,Harrogate,E07000165,0.7955505,3.3556724,5,0.0,0.9267400254981564,0.42785276513831827,0.8634475940130687,0.933617204887528
2011,Richmondshire,E07000166,0.2079098,3.9723914,5,0.0,0.9267400254981564,0.42785276513831827,0.8634475940130687,0.933617204887528
2011,Ryedale,E07000167,-4.733494,3.195627,3,0.0012517329201092702,0.9697303492417091,0.3688653352338964,0.7653426122097923,0.8381496722179798
2011,Scarborough,E07000168,-0.35726017,2.6501973,5,0.0,0.9267400254981564,0.42785276513831827,0.8634475940130687,0.933617204887528
2011,Selby,E07000169,-4.155351,1.6016747,3,0.0012517329201092702,0.9697303492417091,0.3688653352338964,0.7653426122097923,0.8381496722179798
2011,Ashfield,E07000170,-1.2486365,1.269697,1,0.0010589330457140313,0.932627968141734,0.42114437500680213,0.835037149276134,0.8643404040273122
2011,Bassetlaw,E07000171,-1.82645,1.4038213,1,0.0010589330457140313,0.932627968141734,0.42114437500680213,0.835037149276134,0.8643404040273122
2011,Broxtowe,E07000172,-1.5794107,1.9710425,1,0.0010589330457140313,0.932627968141734,0.42114437500680213,0.835037149276134,0.8643404040273122
2011,Gedling,E07000173,-1.230337,1.2810881,1,0.0010589330457140313,0.932627968141734,0.42114437500680213,0.835037149276134,0.8643404040273122
2011,Mansfield,E07000174,-2.7235641,1.545014,1,0.0010589330457140313,0.932627968141734,0.42114437500680213,0.835037149276134,0.8643404040273122
2011,Newark and Sherwood,E07000175,-1.7010773,1.4788911,1,0.0010589330457140313,0.932627968141734,0.42114437500680213,0.835037149276134,0.8643404040273122
2011,Rushcliffe,E07000176,-2.0758343,1.0640674,1,0.0010589330457140313,0.932627968141734,0.42114437500680213,0.835037149276134,0.8643404040273122
2011,Cherwell,E07000177,0.52131623,2.6793365,5,0.0,0.9267400254981564,0.42785276513831827,0.8634475940130687,0.933617204887528
2011,Oxford,E07000178,0.22558902,3.8592746,5,0.0,0.9267400254981564,0.42785276513831827,0.8634475940130687,0.933617204887528
2011,South Oxfordshire,E07000179,0.11443082,3.7838516,5,0.0,0.9267400254981564,0.42785276513831827,0.8634475940130687,0.933617204887528
2011,Vale of White Horse,E07000180,0.21421592,3.9451501,5,0.0,0.9267400254981564,0.42785276513831827,0.8634475940130687,0.933617204887528
2011,West Oxfordshire,E07000181,0.061770268,3.901686,5,0.0,0.9267400254981564,0.42785276513831827,0.8634475940130687,0.933617204887528
2011,Mendip,E07000187,-2.282612,1.832561,1,0.0010589330457140313,0.932627968141734,0.42114437500680213,0.835037149276134,0.8643404040273122
2011,Sedgemoor,E07000188,-1.2332029,1.6646724,1,0.0010589330457140313,0.932627968141734,0.42114437500680213,0.835037149276134,0.8643404040273122
2011,South Somerset,E07000189,0.78248996,3.2134292,5,0.0,0.9267400254981564,0.42785276513831827,0.8634475940130687,0.933617204887528
2011,Taunton Deane,E07000190,-1.3226439,2.2892268,1,0.0010589330457140313,0.932627968141734,0.42114437500680213,0.835037149276134,0.8643404040273122
2011,West Somerset,E07000191,-4.920196,3.340863,3,0.0012517329201092702,0.9697303492417091,0.3688653352338964,0.7653426122097923,0.8381496722179798
2011,Cannock Chase,E07000192,-3.3655255,1.324119,3,0.0012517329201092702,0.9697303492417091,0.3688653352338964,0.7653426122097923,0.8381496722179798
2011,East Staffordshire,E07000193,-1.7834932,1.71746,1,0.0010589330457140313,0.932627968141734,0.42114437500680213,0.835037149276134,0.8643404040273122
2011,Lichfield,E07000194,-3.9548416,1.8255997,3,0.0012517329201092702,0.9697303492417091,0.3688653352338964,0.7653426122097923,0.8381496722179798
2011,Newcastle-under-Lyme,E07000195,-1.5261699,2.1223915,1,0.0010589330457140313,0.932627968141734,0.42114437500680213,0.835037149276134,0.8643404040273122
2011,South Staffordshire,E07000196,-4.0066686,1.6409453,3,0.0012517329201092702,0.9697303492417091,0.3688653352338964,0.7653426122097923,0.8381496722179798
2011,Stafford,E07000197,0.12342084,3.7607257,5,0.0,0.9267400254981564,0.42785276513831827,0.8634475940130687,0.933617204887528
2011,Staffordshire Moorlands,E07000198,-3.2873526,1.6082013,3,0.0012517329201092702,0.9697303492417091,0.3688653352338964,0.7653426122097923,0.8381496722179798
2011,Tamworth,E07000199,-4.4601893,1.8388392,3,0.0012517329201092702,0.9697303492417091,0.3688653352338964,0.7653426122097923,0.8381496722179798
2011,Babergh,E07000200,-3.3383045,2.8551552,3,0.0012517329201092702,0.9697303492417091,0.3688653352338964,0.7653426122097923,0.8381496722179798
2011,Forest Heath,E07000201,-3.5375721,3.206261,3,0.0012517329201092702,0.9697303492417091,0.3688653352338964,0.7653426122097923,0.8381496722179798
2011,Ipswich,E07000202,-0.49467686,1.86889,1,0.0010589330457140313,0.932627968141734,0.42114437500680213,0.835037149276134,0.8643404040273122
2011,Mid Suffolk,E07000203,-3.2366757,2.8064535,3,0.0012517329201092702,0.9697303492417091,0.3688653352338964,0.7653426122097923,0.8381496722179798
2011,St Edmundsbury,E07000204,-0.48000026,3.5300517,5,0.0,0.9267400254981564,0.42785276513831827,0.8634475940130687,0.933617204887528
2011,Suffolk Coastal,E07000205,-1.5286726,2.3000233,1,0.0010589330457140313,0.932627968141734,0.42114437500680213,0.835037149276134,0.8643404040273122
2011,Waveney,E07000206,-2.358268,1.9096226,1,0.0010589330457140313,0.932627968141734,0.42114437500680213,0.835037149276134,0.8643404040273122
2011,Elmbridge,E07000207,-1.0746717,0.6089092,1,0.0010589330457140313,0.932627968141734,0.42114437500680213,0.835037149276134,0.8643404040273122
2011,Epsom and Ewell,E07000208,-4.6196833,2.0508087,3,0.0012517329201092702,0.9697303492417091,0.3688653352338964,0.7653426122097923,0.8381496722179798
2011,Guildford,E07000209,0.1692052,3.8640165,5,0.0,0.9267400254981564,0.42785276513831827,0.8634475940130687,0.933617204887528
2011,Mole Valley,E07000210,-3.7165415,2.4628186,3,0.0012517329201092702,0.9697303492417091,0.3688653352338964,0.7653426122097923,0.8381496722179798
2011,Reigate and Banstead,E07000211,-1.054359,0.6194103,1,0.0010589330457140313,0.932627968141734,0.42114437500680213,0.835037149276134,0.8643404040273122
2011,Runnymede,E07000212,-3.4898574,2.7982633,3,0.0012517329201092702,0.9697303492417091,0.3688653352338964,0.7653426122097923,0.8381496722179798
2011,Spelthorne,E07000213,-3.9274397,1.3879628,3,0.0012517329201092702,0.9697303492417091,0.3688653352338964,0.7653426122097923,0.8381496722179798
2011,Surrey Heath,E07000214,-3.2014408,3.1395543,3,0.0012517329201092702,0.9697303492417091,0.3688653352338964,0.7653426122097923,0.8381496722179798
2011,Tandridge,E07000215,-4.3325987,1.9546033,3,0.0012517329201092702,0.9697303492417091,0.3688653352338964,0.7653426122097923,0.8381496722179798
2011,Waverley,E07000216,-2.2308898,0.98869735,1,0.0010589330457140313,0.932627968141734,0.42114437500680213,0.835037149276134,0.8643404040273122
2011,Woking,E07000217,-3.0270386,1.3210026,3,0.0012517329201092702,0.9697303492417091,0.3688653352338964,0.7653426122097923,0.8381496722179798
2011,North Warwickshire,E07000218,-5.014816,2.6832542,3,0.0012517329201092702,0.9697303492417091,0.3688653352338964,0.7653426122097923,0.8381496722179798
2011,Nuneaton and Bedworth,E07000219,-1.0099157,1.180515,1,0.0010589330457140313,0.932627968141734,0.42114437500680213,0.835037149276134,0.8643404040273122
2011,Rugby,E07000220,-1.8000234,2.5092144,1,0.0010589330457140313,0.932627968141734,0.42114437500680213,0.835037149276134,0.8643404040273122
2011,Stratford-on-Avon,E07000221,-1.6040361,2.394658,1,0.0010589330457140313,0.932627968141734,0.42114437500680213,0.835037149276134,0.8643404040273122
2011,Warwick,E07000222,-0.31261083,1.725355,1,0.0010589330457140313,0.932627968141734,0.42114437500680213,0.835037149276134,0.8643404040273122
2011,Adur,E07000223,-4.9853992,2.62928,3,0.0012517329201092702,0.9697303492417091,0.3688653352338964,0.7653426122097923,0.8381496722179798
2011,Arun,E07000224,-0.21184555,1.7487726,1,0.0010589330457140313,0.932627968141734,0.42114437500680213,0.835037149276134,0.8643404040273122
2011,Chichester,E07000225,-0.2426807,3.7934663,5,0.0,0.9267400254981564,0.42785276513831827,0.8634475940130687,0.933617204887528
2011,Crawley,E07000226,-2.9201689,1.2541286,3,0.0012517329201092702,0.9697303492417091,0.3688653352338964,0.7653426122097923,0.8381496722179798
2011,Horsham,E07000227,-1.2500993,0.7976085,1,0.0010589330457140313,0.932627968141734,0.42114437500680213,0.835037149276134,0.8643404040273122
2011,Mid Sussex,E07000228,-1.0127243,0.66722375,1,0.0010589330457140313,0.932627968141734,0.42114437500680213,0.835037149276134,0.8643404040273122
2011,Worthing,E07000229,-0.8405249,1.9783095,1,0.0010589330457140313,0.932627968141734,0.42114437500680213,0.835037149276134,0.8643404040273122
2011,Bromsgrove,E07000234,-4.2071385,1.4615786,3,0.0012517329201092702,0.9697303492417091,0.3688653352338964,0.7653426122097923,0.8381496722179798
2011,Malvern Hills,E07000235,-4.8212004,2.7630436,3,0.0012517329201092702,0.9697303492417091,0.3688653352338964,0.7653426122097923,0.8381496722179798
2011,Redditch,E07000236,-4.325849,1.6795131,3,0.0012517329201092702,0.9697303492417091,0.3688653352338964,0.7653426122097923,0.8381496722179798
2011,Worcester,E07000237,-2.1805956,1.7648009,1,0.0010589330457140313,0.932627968141734,0.42114437500680213,0.835037149276134,0.8643404040273122
2011,Wychavon,E07000238,-2.1396265,0.9900135,1,0.0010589330457140313,0.932627968141734,0.42114437500680213,0.835037149276134,0.8643404040273122
2011,Wyre Forest,E07000239,-2.8068974,1.6125053,3,0.0012517329201092702,0.9697303492417091,0.3688653352338964,0.7653426122097923,0.8381496722179798
2011,St Albans,E07000240,-1.1309347,0.6859603,1,0.0010589330457140313,0.932627968141734,0.42114437500680213,0.835037149276134,0.8643404040273122
2011,Welwyn Hatfield,E07000241,-3.4208975,2.1839607,3,0.0012517329201092702,0.9697303492417091,0.3688653352338964,0.7653426122097923,0.8381496722179798
2011,East Hertfordshire,E07000242,-1.057627,0.5961511,1,0.0010589330457140313,0.932627968141734,0.42114437500680213,0.835037149276134,0.8643404040273122
2011,Stevenage,E07000243,-4.4486046,1.8381929,3,0.0012517329201092702,0.9697303492417091,0.3688653352338964,0.7653426122097923,0.8381496722179798
2011,Bolton,E08000001,2.7901227,1.5459836,2,0.0016722302818092862,1.0,0.3185970652851985,0.6956182491404861,1.0
2011,Bury,E08000002,1.4774119,1.2416048,2,0.0016722302818092862,1.0,0.3185970652851985,0.6956182491404861,1.0
2011,Manchester,E08000003,4.734279,2.2214894,4,0.004965302429396669,0.9910839345528806,0.32538071736812024,0.9999999999999999,0.9357602848924886
2011,Oldham,E08000004,2.3124418,1.4632615,2,0.0016722302818092862,1.0,0.3185970652851985,0.6956182491404861,1.0
2011,Rochdale,E08000005,1.7236563,1.2928056,2,0.0016722302818092862,1.0,0.3185970652851985,0.6956182491404861,1.0
2011,Salford,E08000006,2.5701873,2.5460362,2,0.0016722302818092862,1.0,0.3185970652851985,0.6956182491404861,1.0
2011,Stockport,E08000007,3.0371692,1.358964,2,0.0016722302818092862,1.0,0.3185970652851985,0.6956182491404861,1.0
2011,Tameside,E08000008,2.4019685,1.4399047,2,0.0016722302818092862,1.0,0.3185970652851985,0.6956182491404861,1.0
2011,Trafford,E08000009,1.6917393,1.1652678,2,0.0016722302818092862,1.0,0.3185970652851985,0.6956182491404861,1.0
2011,Wigan,E08000010,3.1649294,1.4132785,2,0.0016722302818092862,1.0,0.3185970652851985,0.6956182491404861,1.0
2011,Knowsley,E08000011,-1.0908738,0.6794275,1,0.0010589330457140313,0.932627968141734,0.42114437500680213,0.835037149276134,0.8643404040273122
2011,Liverpool,E08000012,4.675199,2.2209213,4,0.004965302429396669,0.9910839345528806,0.32538071736812024,0.9999999999999999,0.9357602848924886
2011,St. Helens,E08000013,0.20981593,1.205816,1,0.0010589330457140313,0.932627968141734,0.42114437500680213,0.835037149276134,0.8643404040273122
2011,Sefton,E08000014,2.9046342,1.3386598,2,0.0016722302818092862,1.0,0.3185970652851985,0.6956182491404861,1.0
2011,Wirral,E08000015,3.4732535,1.6133193,4,0.004965302429396669,0.9910839345528806,0.32538071736812024,0.9999999999999999,0.9357602848924886
2011,Barnsley,E08000016,2.0311375,1.2567748,2,0.0016722302818092862,1.0,0.3185970652851985,0.6956182491404861,1.0
2011,Doncaster,E08000017,3.266645,1.4849346,4,0.004965302429396669,0.9910839345528806,0.32538071736812024,0.9999999999999999,0.9357602848924886
2011,Rotherham,E08000018,2.2531993,1.2273188,2,0.0016722302818092862,1.0,0.3185970652851985,0.6956182491404861,1.0
2011,Sheffield,E08000019,4.674296,2.1577969,4,0.004965302429396669,0.9910839345528806,0.32538071736812024,0.9999999999999999,0.9357602848924886
2011,Newcastle upon Tyne,E08000021,3.7513819,2.471835,4,0.004965302429396669,0.9910839345528806,0.32538071736812024,0.9999999999999999,0.9357602848924886
2011,North Tyneside,E08000022,1.9873827,1.2564338,2,0.0016722302818092862,1.0,0.3185970652851985,0.6956182491404861,1.0
2011,South Tyneside,E08000023,-0.5190336,1.2593107,1,0.0010589330457140313,0.932627968141734,0.42114437500680213,0.835037149276134,0.8643404040273122
2011,Sunderland,E08000024,3.188855,2.0363429,4,0.004965302429396669,0.9910839345528806,0.32538071736812024,0.9999999999999999,0.9357602848924886
2011,Birmingham,E08000025,4.875505,2.1368258,4,0.004965302429396669,0.9910839345528806,0.32538071736812024,0.9999999999999999,0.9357602848924886
2011,Coventry,E08000026,3.954321,2.359455,4,0.004965302429396669,0.9910839345528806,0.32538071736812024,0.9999999999999999,0.9357602848924886
2011,Dudley,E08000027,2.8289416,1.2793866,2,0.0016722302818092862,1.0,0.3185970652851985,0.6956182491404861,1.0
2011,Sandwell,E08000028,2.448163,1.3546318,2,0.0016722302818092862,1.0,0.3185970652851985,0.6956182491404861,1.0
2011,Solihull,E08000029,1.0067005,1.1137593,2,0.0016722302818092862,1.0,0.3185970652851985,0.6956182491404861,1.0
2011,Walsall,E08000030,2.2403355,1.4199611,2,0.0016722302818092862,1.0,0.3185970652851985,0.6956182491404861,1.0
2011,Wolverhampton,E08000031,1.606437,2.5080357,2,0.0016722302818092862,1.0,0.3185970652851985,0.6956182491404861,1.0
2011,Bradford,E08000032,4.5479765,2.0080588,4,0.004965302429396669,0.9910839345528806,0.32538071736812024,0.9999999999999999,0.9357602848924886
2011,Calderdale,E08000033,2.4047036,1.487631,2,0.0016722302818092862,1.0,0.3185970652851985,0.6956182491404861,1.0
2011,Kirklees,E08000034,4.2928753,1.9669182,4,0.004965302429396669,0.9910839345528806,0.32538071736812024,0.9999999999999999,0.9357602848924886
2011,Leeds,E08000035,4.7632713,2.110817,4,0.004965302429396669,0.9910839345528806,0.32538071736812024,0.9999999999999999,0.9357602848924886
2011,Wakefield,E08000036,3.3801458,1.6132575,4,0.004965302429396669,0.9910839345528806,0.32538071736812024,0.9999999999999999,0.9357602848924886
2011,Gateshead,E08000037,1.563517,1.3420193,2,0.0016722302818092862,1.0,0.3185970652851985,0.6956182491404861,1.0
2011,City of London,E09000001,-4.9917545,3.3491313,3,0.0012517329201092702,0.9697303492417091,0.3688653352338964,0.7653426122097923,0.8381496722179798
2011,Barking and Dagenham,E09000002,0.7183654,2.4975705,5,0.0,0.9267400254981564,0.42785276513831827,0.8634475940130687,0.933617204887528
2011,Barnet,E09000003,4.0654144,2.3557837,4,0.004965302429396669,0.9910839345528806,0.32538071736812024,0.9999999999999999,0.9357602848924886
2011,Bexley,E09000004,1.6551375,1.1410596,2,0.0016722302818092862,1.0,0.3185970652851985,0.6956182491404861,1.0
2011,Brent,E09000005,4.071388,2.8039455,4,0.004965302429396669,0.9910839345528806,0.32538071736812024,0.9999999999999999,0.9357602848924886
2011,Bromley,E09000006,3.103589,1.3690891,2,0.0016722302818092862,1.0,0.3185970652851985,0.6956182491404861,1.0
2011,Camden,E09000007,4.1199613,2.9999948,4,0.004965302429396669,0.9910839345528806,0.32538071736812024,0.9999999999999999,0.9357602848924886
2011,Croydon,E09000008,4.114975,2.1184247,4,0.004965302429396669,0.9910839345528806,0.32538071736812024,0.9999999999999999,0.9357602848924886
2011,Ealing,E09000009,4.044139,2.4460745,4,0.004965302429396669,0.9910839345528806,0.32538071736812024,0.9999999999999999,0.9357602848924886
2011,Enfield,E09000010,3.2623916,2.5287535,4,0.004965302429396669,0.9910839345528806,0.32538071736812024,0.9999999999999999,0.9357602848924886
2011,Greenwich,E09000011,2.9140606,2.647445,4,0.004965302429396669,0.9910839345528806,0.32538071736812024,0.9999999999999999,0.9357602848924886
2011,Hackney,E09000012,3.9987373,3.1267447,4,0.004965302429396669,0.9910839345528806,0.32538071736812024,0.9999999999999999,0.9357602848924886
2011,Hammersmith and Fulham,E09000013,4.004179,3.1501808,4,0.004965302429396669,0.9910839345528806,0.32538071736812024,0.9999999999999999,0.9357602848924886
2011,Haringey,E09000014,4.00512,3.0376456,4,0.004965302429396669,0.9910839345528806,0.32538071736812024,0.9999999999999999,0.9357602848924886
2011,Harrow,E09000015,2.5319552,2.6244838,2,0.0016722302818092862,1.0,0.3185970652851985,0.6956182491404861,1.0
2011,Havering,E09000016,1.6002617,1.1550447,2,0.0016722302818092862,1.0,0.3185970652851985,0.6956182491404861,1.0
2011,Hillingdon,E09000017,3.0290923,2.4178982,4,0.004965302429396669,0.9910839345528806,0.32538071736812024,0.9999999999999999,0.9357602848924886
2011,Hounslow,E09000018,2.8508089,2.649652,4,0.004965302429396669,0.9910839345528806,0.32538071736812024,0.9999999999999999,0.9357602848924886
2011,Islington,E09000019,3.9563289,3.1450958,4,0.004965302429396669,0.9910839345528806,0.32538071736812024,0.9999999999999999,0.9357602848924886
2011,Kensington and Chelsea,E09000020,4.0436287,3.1460743,4,0.004965302429396669,0.9910839345528806,0.32538071736812024,0.9999999999999999,0.9357602848924886
2011,Kingston upon Thames,E09000021,1.2394401,2.627005,5,0.0,0.9267400254981564,0.42785276513831827,0.8634475940130687,0.933617204887528
2011,Lambeth,E09000022,4.1597414,2.65508,4,0.004965302429396669,0.9910839345528806,0.32538071736812024,0.9999999999999999,0.9357602848924886
2011,Lewisham,E09000023,3.801181,2.5924394,4,0.004965302429396669,0.9910839345528806,0.32538071736812024,0.9999999999999999,0.9357602848924886
2011,Merton,E09000024,2.0207014,2.5346675,2,0.0016722302818092862,1.0,0.3185970652851985,0.6956182491404861,1.0
2011,Newham,E09000025,4.129518,2.9210079,4,0.004965302429396669,0.9910839345528806,0.32538071736812024,0.9999999999999999,0.9357602848924886
2011,Redbridge,E09000026,2.8871007,2.4286606,4,0.004965302429396669,0.9910839345528806,0.32538071736812024,0.9999999999999999,0.9357602848924886
2011,Richmond upon Thames,E09000027,1.959779,2.5972195,2,0.0016722302818092862,1.0,0.3185970652851985,0.6956182491404861,1.0
2011,Southwark,E09000028,4.029401,2.7883334,4,0.004965302429396669,0.9910839345528806,0.32538071736812024,0.9999999999999999,0.9357602848924886
2011,Sutton,E09000029,1.5065938,1.184912,2,0.0016722302818092862,1.0,0.3185970652851985,0.6956182491404861,1.0
2011,Tower Hamlets,E09000030,4.174514,2.8945012,4,0.004965302429396669,0.9910839345528806,0.32538071736812024,0.9999999999999999,0.9357602848924886
2011,Waltham Forest,E09000031,3.315506,2.7268512,4,0.004965302429396669,0.9910839345528806,0.32538071736812024,0.9999999999999999,0.9357602848924886
2011,Wandsworth,E09000032,4.1463437,2.3856533,4,0.004965302429396669,0.9910839345528806,0.32538071736812024,0.9999999999999999,0.9357602848924886
2011,Westminster,E09000033,4.2298293,2.8709836,4,0.004965302429396669,0.9910839345528806,0.32538071736812024,0.9999999999999999,0.9357602848924886
2011,Isle of Anglesey,W06000001,-3.5354254,2.9397526,3,0.0012517329201092702,0.9697303492417091,0.3688653352338964,0.7653426122097923,0.8381496722179798
2011,Gwynedd,W06000002,-0.33060133,2.6098754,5,0.0,0.9267400254981564,0.42785276513831827,0.8634475940130687,0.933617204887528
2011,Conwy,W06000003,-0.68120164,2.1353889,1,0.0010589330457140313,0.932627968141734,0.42114437500680213,0.835037149276134,0.8643404040273122
2011,Denbighshire,W06000004,-2.5251987,1.9939684,1,0.0010589330457140313,0.932627968141734,0.42114437500680213,0.835037149276134,0.8643404040273122
2011,Flintshire,W06000005,-0.04843055,1.2926997,1,0.0010589330457140313,0.932627968141734,0.42114437500680213,0.835037149276134,0.8643404040273122
2011,Wrexham,W06000006,-0.8912919,1.291905,1,0.0010589330457140313,0.932627968141734,0.42114437500680213,0.835037149276134,0.8643404040273122
2011,Ceredigion,W06000008,-3.4644625,3.129316,3,0.0012517329201092702,0.9697303492417091,0.3688653352338964,0.7653426122097923,0.8381496722179798
2011,Pembrokeshire,W06000009,-0.4726116,2.5096626,5,0.0,0.9267400254981564,0.42785276513831827,0.8634475940130687,0.933617204887528
2011,Carmarthenshire,W06000010,0.66657215,1.960956,5,0.0,0.9267400254981564,0.42785276513831827,0.8634475940130687,0.933617204887528
2011,Swansea,W06000011,2.5120802,1.5675302,2,0.0016722302818092862,1.0,0.3185970652851985,0.6956182491404861,1.0
2011,Neath Port Talbot,W06000012,-0.5842764,1.319834,1,0.0010589330457140313,0.932627968141734,0.42114437500680213,0.835037149276134,0.8643404040273122
2011,Bridgend,W06000013,-0.16155945,1.3470418,1,0.0010589330457140313,0.932627968141734,0.42114437500680213,0.835037149276134,0.8643404040273122
2011,Vale of Glamorgan,W06000014,0.06718064,2.5873952,5,0.0,0.9267400254981564,0.42785276513831827,0.8634475940130687,0.933617204887528
2011,Cardiff,W06000015,4.261506,2.109429,4,0.004965302429396669,0.9910839345528806,0.32538071736812024,0.9999999999999999,0.9357602848924886
2011,Rhondda Cynon Taff,W06000016,2.2389886,1.3464288,2,0.0016722302818092862,1.0,0.3185970652851985,0.6956182491404861,1.0
2011,Caerphilly,W06000018,0.5564972,1.1883391,2,0.0016722302818092862,1.0,0.3185970652851985,0.6956182491404861,1.0
2011,Blaenau Gwent,W06000019,-4.2754755,3.0773234,3,0.0012517329201092702,0.9697303492417091,0.3688653352338964,0.7653426122097923,0.8381496722179798
2011,Torfaen,W06000020,-3.8839142,1.9374284,3,0.0012517329201092702,0.9697303492417091,0.3688653352338964,0.7653426122097923,0.8381496722179798
2011,Monmouthshire,W06000021,-3.9107406,2.1207385,3,0.0012517329201092702,0.9697303492417091,0.3688653352338964,0.7653426122097923,0.8381496722179798
2011,Newport,W06000022,-0.109371185,1.6932338,1,0.0010589330457140313,0.932627968141734,0.42114437500680213,0.835037149276134,0.8643404040273122
2011,Powys,W06000023,-0.30371773,2.6713924,5,0.0,0.9267400254981564,0.42785276513831827,0.8634475940130687,0.933617204887528
2011,Merthyr Tydfil,W06000024,-4.9575863,3.1051013,3,0.0012517329201092702,0.9697303492417091,0.3688653352338964,0.7653426122097923,0.8381496722179798
2021,Hartlepool,E06000001,12.840121,10.120375,4,1.0,0.36251617848390466,0.0,0.038028399008426444,0.23007707584728937
2021,Middlesbrough,E06000002,12.196905,8.137314,4,1.0,0.36251617848390466,0.0,0.038028399008426444,0.23007707584728937
2021,Redcar and Cleveland,E06000003,12.342235,7.9224772,4,1.0,0.36251617848390466,0.0,0.038028399008426444,0.23007707584728937
2021,Stockton-on-Tees,E06000004,11.2844,5.4824705,1,0.9257339692045546,0.3756504001678714,0.06820145279503587,0.0,0.455428361958269
2021,Darlington,E06000005,12.5620985,8.972693,4,1.0,0.36251617848390466,0.0,0.038028399008426444,0.23007707584728937
2021,Halton,E06000006,11.878839,8.67176,4,1.0,0.36251617848390466,0.0,0.038028399008426444,0.23007707584728937
2021,Warrington,E06000007,10.955197,5.360397,1,0.9257339692045546,0.3756504001678714,0.06820145279503587,0.0,0.455428361958269
2021,Blackburn with Darwen,E06000008,12.329554,8.20602,4,1.0,0.36251617848390466,0.0,0.038028399008426444,0.23007707584728937
2021,Blackpool,E06000009,11.682273,6.525566,1,0.9257339692045546,0.3756504001678714,0.06820145279503587,0.0,0.455428361958269
2021,"Kingston upon Hull, City of",E06000010,10.681473,4.2570806,2,0.8382145130386586,0.35615960963972765,0.203977051160958,0.18745835560779114,0.5279453374314367
2021,East Riding of Yorkshire,E06000011,10.0589,3.781252,2,0.8382145130386586,0.35615960963972765,0.203977051160958,0.18745835560779114,0.5279453374314367
2021,North East Lincolnshire,E06000012,11.691523,6.509236,1,0.9257339692045546,0.3756504001678714,0.06820145279503587,0.0,0.455428361958269
2021,North Lincolnshire,E06000013,12.2066,7.03571,1,0.9257339692045546,0.3756504001678714,0.06820145279503587,0.0,0.455428361958269
2021,York,E06000014,10.817295,5.8353605,1,0.9257339692045546,0.3756504001678714,0.06820145279503587,0.0,0.455428361958269
2021,Derby,E06000015,10.52245,4.764685,2,0.8382145130386586,0.35615960963972765,0.203977051160958,0.18745835560779114,0.5279453374314367
2021,Leicester,E06000016,10.485593,4.2686973,2,0.8382145130386586,0.35615960963972765,0.203977051160958,0.18745835560779114,0.5279453374314367
2021,Rutland,E06000017,12.789782,11.107084,4,1.0,0.36251617848390466,0.0,0.038028399008426444,0.23007707584728937
2021,Nottingham,E06000018,10.44671,4.257824,2,0.8382145130386586,0.35615960963972765,0.203977051160958,0.18745835560779114,0.5279453374314367
2021,"Herefordshire, County of",E06000019,10.593946,6.2664404,1,0.9257339692045546,0.3756504001678714,0.06820145279503587,0.0,0.455428361958269
2021,Telford and Wrekin,E06000020,11.316126,5.930277,1,0.9257339692045546,0.3756504001678714,0.06820145279503587,0.0,0.455428361958269
2021,Stoke-on-Trent,E06000021,10.956541,4.2459555,2,0.8382145130386586,0.35615960963972765,0.203977051160958,0.18745835560779114,0.5279453374314367
2021,Bath and North East Somerset,E06000022,10.618512,6.070467,1,0.9257339692045546,0.3756504001678714,0.06820145279503587,0.0,0.455428361958269
2021,"Bristol, City of",E06000023,8.18957,2.3339987,2,0.8382145130386586,0.35615960963972765,0.203977051160958,0.18745835560779114,0.5279453374314367
2021,North Somerset,E06000024,10.955512,5.2267394,1,0.9257339692045546,0.3756504001678714,0.06820145279503587,0.0,0.455428361958269
2021,South Gloucestershire,E06000025,9.644395,3.7964227,2,0.8382145130386586,0.35615960963972765,0.203977051160958,0.18745835560779114,0.5279453374314367
2021,Plymouth,E06000026,9.783735,4.4603376,2,0.8382145130386586,0.35615960963972765,0.203977051160958,0.18745835560779114,0.5279453374314367
2021,Torbay,E06000027,11.506586,6.925579,1,0.9257339692045546,0.3756504001678714,0.06820145279503587,0.0,0.455428361958269
2021,Bournemouth,E06000028,8.264986,2.3172026,2,0.8382145130386586,0.35615960963972765,0.203977051160958,0.18745835560779114,0.5279453374314367
2021,Poole,E06000029,8.294756,2.311477,2,0.8382145130386586,0.35615960963972765,0.203977051160958,0.18745835560779114,0.5279453374314367
2021,Swindon,E06000030,10.050954,4.8482857,2,0.8382145130386586,0.35615960963972765,0.203977051160958,0.18745835560779114,0.5279453374314367
2021,Peterborough,E06000031,10.286994,5.5840845,1,0.9257339692045546,0.3756504001678714,0.06820145279503587,0.0,0.455428361958269
2021,Luton,E06000032,11.300707,5.84896,1,0.9257339692045546,0.3756504001678714,0.06820145279503587,0.0,0.455428361958269
2021,Southend-on-Sea,E06000033,11.27978,5.842738,1,0.9257339692045546,0.3756504001678714,0.06820145279503587,0.0,0.455428361958269
2021,Thurrock,E06000034,12.123116,7.5643024,1,0.9257339692045546,0.3756504001678714,0.06820145279503587,0.0,0.455428361958269
2021,Medway,E06000035,9.596878,4.1112623,2,0.8382145130386586,0.35615960963972765,0.203977051160958,0.18745835560779114,0.5279453374314367
2021,Bracknell Forest,E06000036,10.0992155,7.638625,1,0.9257339692045546,0.3756504001678714,0.06820145279503587,0.0,0.455428361958269
2021,West Berkshire,E06000037,10.2001295,6.9594736,1,0.9257339692045546,0.3756504001678714,0.06820145279503587,0.0,0.455428361958269
2021,Reading,E06000038,10.292038,5.5201116,1,0.9257339692045546,0.3756504001678714,0.06820145279503587,0.0,0.455428361958269
2021,Slough,E06000039,11.4073515,7.5562477,1,0.9257339692045546,0.3756504001678714,0.06820145279503587,0.0,0.455428361958269
2021,Windsor and Maidenhead,E06000040,12.042981,7.487141,1,0.9257339692045546,0.3756504001678714,0.06820145279503587,0.0,0.455428361958269
2021,Wokingham,E06000041,9.469481,6.7061057,1,0.9257339692045546,0.3756504001678714,0.06820145279503587,0.0,0.455428361958269
2021,Milton Keynes,E06000042,7.9032197,3.222513,2,0.8382145130386586,0.35615960963972765,0.203977051160958,0.18745835560779114,0.5279453374314367
2021,Brighton and Hove,E06000043,10.23133,4.3107114,2,0.8382145130386586,0.35615960963972765,0.203977051160958,0.18745835560779114,0.5279453374314367
2021,Portsmouth,E06000044,10.413834,5.114475,1,0.9257339692045546,0.3756504001678714,0.06820145279503587,0.0,0.455428361958269
2021,Southampton,E06000045,9.903706,4.645007,2,0.8382145130386586,0.35615960963972765,0.203977051160958,0.18745835560779114,0.5279453374314367
2021,Isle of Wight,E06000046,11.613254,7.0077243,1,0.9257339692045546,0.3756504001678714,0.06820145279503587,0.0,0.455428361958269
2021,County Durham,E06000047,8.390657,2.299174,2,0.8382145130386586,0.35615960963972765,0.203977051160958,0.18745835560779114,0.5279453374314367
2021,Cheshire East,E06000049,9.047085,2.4377937,2,0.8382145130386586,0.35615960963972765,0.203977051160958,0.18745835560779114,0.5279453374314367
2021,Cheshire West and Chester,E06000050,8.938167,3.08416,2,0.8382145130386586,0.35615960963972765,0.203977051160958,0.18745835560779114,0.5279453374314367
2021,Shropshire,E06000051,9.71423,3.684997,2,0.8382145130386586,0.35615960963972765,0.203977051160958,0.18745835560779114,0.5279453374314367
2021,Cornwall,E06000052,7.5718727,1.5550764,2,0.8382145130386586,0.35615960963972765,0.203977051160958,0.18745835560779114,0.5279453374314367
2021,Isles of Scilly,E06000053,-5.0316744,3.396774,3,0.6892248125536574,0.0,0.9398160516726486,0.058172784727755084,0.0
2021,Wiltshire,E06000054,7.5523033,1.5150117,2,0.8382145130386586,0.35615960963972765,0.203977051160958,0.18745835560779114,0.5279453374314367
2021,Bedford,E06000055,9.482105,6.6820664,1,0.9257339692045546,0.3756504001678714,0.06820145279503587,0.0,0.455428361958269
2021,Central Bedfordshire,E06000056,9.386241,3.6080341,2,0.8382145130386586,0.35615960963972765,0.203977051160958,0.18745835560779114,0.5279453374314367
2021,Northumberland,E06000057,9.802844,3.7286615,2,0.8382145130386586,0.35615960963972765,0.203977051160958,0.18745835560779114,0.5279453374314367
2021,Aylesbury Vale,E07000004,7.5706472,1.4753025,2,0.8382145130386586,0.35615960963972765,0.203977051160958,0.18745835560779114,0.5279453374314367
2021,Chiltern,E07000005,7.534795,1.5053425,2,0.8382145130386586,0.35615960963972765,0.203977051160958,0.18745835560779114,0.5279453374314367
2021,South Bucks,E07000006,7.5458765,1.5161391,2,0.8382145130386586,0.35615960963972765,0.203977051160958,0.18745835560779114,0.5279453374314367
2021,Wycombe,E07000007,7.5421057,1.5216756,2,0.8382145130386586,0.35615960963972765,0.203977051160958,0.18745835560779114,0.5279453374314367
2021,Cambridge,E07000008,11.173019,7.5229387,1,0.9257339692045546,0.3756504001678714,0.06820145279503587,0.0,0.455428361958269
2021,East Cambridgeshire,E07000009,11.136563,9.370182,4,1.0,0.36251617848390466,0.0,0.038028399008426444,0.23007707584728937
2021,Fenland,E07000010,12.582308,9.378871,4,1.0,0.36251617848390466,0.0,0.038028399008426444,0.23007707584728937
2021,Huntingdonshire,E07000011,10.121569,6.4419713,1,0.9257339692045546,0.3756504001678714,0.06820145279503587,0.0,0.455428361958269
2021,South Cambridgeshire,E07000012,9.428797,6.6889324,1,0.9257339692045546,0.3756504001678714,0.06820145279503587,0.0,0.455428361958269
2021,Allerdale,E07000026,12.479258,9.90493,4,1.0,0.36251617848390466,0.0,0.038028399008426444,0.23007707584728937
2021,Barrow-in-Furness,E07000027,12.962184,10.561448,4,1.0,0.36251617848390466,0.0,0.038028399008426444,0.23007707584728937
2021,Carlisle,E07000028,12.201445,8.524558,4,1.0,0.36251617848390466,0.0,0.038028399008426444,0.23007707584728937
2021,Copeland,E07000029,12.912703,10.850177,4,1.0,0.36251617848390466,0.0,0.038028399008426444,0.23007707584728937
2021,Eden,E07000030,12.6998005,11.060955,4,1.0,0.36251617848390466,0.0,0.038028399008426444,0.23007707584728937
2021,South Lakeland,E07000031,12.612603,9.121729,4,1.0,0.36251617848390466,0.0,0.038028399008426444,0.23007707584728937
2021,Amber Valley,E07000032,12.511443,7.9868197,4,1.0,0.36251617848390466,0.0,0.038028399008426444,0.23007707584728937
2021,Bolsover,E07000033,12.955793,10.4321575,4,1.0,0.36251617848390466,0.0,0.038028399008426444,0.23007707584728937
2021,Chesterfield,E07000034,13.026317,8.913386,4,1.0,0.36251617848390466,0.0,0.038028399008426444,0.23007707584728937
2021,Derbyshire Dales,E07000035,12.345439,10.504924,4,1.0,0.36251617848390466,0.0,0.038028399008426444,0.23007707584728937
2021,Erewash,E07000036,12.460893,8.338083,4,1.0,0.36251617848390466,0.0,0.038028399008426444,0.23007707584728937
2021,High Peak,E07000037,12.73456,9.430769,4,1.0,0.36251617848390466,0.0,0.038028399008426444,0.23007707584728937
2021,North East Derbyshire,E07000038,12.774021,9.259243,4,1.0,0.36251617848390466,0.0,0.038028399008426444,0.23007707584728937
2021,South Derbyshire,E07000039,11.944283,8.635627,4,1.0,0.36251617848390466,0.0,0.038028399008426444,0.23007707584728937
2021,East Devon,E07000040,10.565077,6.6981688,1,0.9257339692045546,0.3756504001678714,0.06820145279503587,0.0,0.455428361958269
2021,Exeter,E07000041,11.424655,7.6283503,1,0.9257339692045546,0.3756504001678714,0.06820145279503587,0.0,0.455428361958269
2021,Mid Devon,E07000042,12.365737,9.760019,4,1.0,0.36251617848390466,0.0,0.038028399008426444,0.23007707584728937
2021,North Devon,E07000043,12.145896,9.359027,4,1.0,0.36251617848390466,0.0,0.038028399008426444,0.23007707584728937
2021,South Hams,E07000044,11.075093,9.27226,4,1.0,0.36251617848390466,0.0,0.038028399008426444,0.23007707584728937
2021,Teignbridge,E07000045,10.672514,7.1108165,1,0.9257339692045546,0.3756504001678714,0.06820145279503587,0.0,0.455428361958269
2021,Torridge,E07000046,12.602735,10.949118,4,1.0,0.36251617848390466,0.0,0.038028399008426444,0.23007707584728937
2021,West Devon,E07000047,12.763835,11.074416,4,1.0,0.36251617848390466,0.0,0.038028399008426444,0.23007707584728937
2021,Christchurch,E07000048,8.243238,2.3382933,2,0.8382145130386586,0.35615960963972765,0.203977051160958,0.18745835560779114,0.5279453374314367
2021,East Dorset,E07000049,9.047119,2.4060457,2,0.8382145130386586,0.35615960963972765,0.203977051160958,0.18745835560779114,0.5279453374314367
2021,North Dorset,E07000050,9.071805,2.390263,2,0.8382145130386586,0.35615960963972765,0.203977051160958,0.18745835560779114,0.5279453374314367
2021,Purbeck,E07000051,9.054888,2.3771884,2,0.8382145130386586,0.35615960963972765,0.203977051160958,0.18745835560779114,0.5279453374314367
2021,West Dorset,E07000052,9.074134,2.3862083,2,0.8382145130386586,0.35615960963972765,0.203977051160958,0.18745835560779114,0.5279453374314367
2021,Weymouth and Portland,E07000053,9.076731,2.367282,2,0.8382145130386586,0.35615960963972765,0.203977051160958,0.18745835560779114,0.5279453374314367
2021,Eastbourne,E07000061,12.558506,8.7689085,4,1.0,0.36251617848390466,0.0,0.038028399008426444,0.23007707584728937
2021,Hastings,E07000062,12.856765,9.771944,4,1.0,0.36251617848390466,0.0,0.038028399008426444,0.23007707584728937
2021,Lewes,E07000063,12.24611,9.226182,4,1.0,0.36251617848390466,0.0,0.038028399008426444,0.23007707584728937
2021,Rother,E07000064,12.270547,9.579577,4,1.0,0.36251617848390466,0.0,0.038028399008426444,0.23007707584728937
2021,Wealden,E07000065,10.57021,6.6955643,1,0.9257339692045546,0.3756504001678714,0.06820145279503587,0.0,0.455428361958269
2021,Basildon,E07000066,10.533988,6.384512,1,0.9257339692045546,0.3756504001678714,0.06820145279503587,0.0,0.455428361958269
2021,Braintree,E07000067,11.923418,7.616542,1,0.9257339692045546,0.3756504001678714,0.06820145279503587,0.0,0.455428361958269
2021,Brentwood,E07000068,12.780815,10.304675,4,1.0,0.36251617848390466,0.0,0.038028399008426444,0.23007707584728937
2021,Castle Point,E07000069,12.614917,9.948453,4,1.0,0.36251617848390466,0.0,0.038028399008426444,0.23007707584728937
2021,Chelmsford,E07000070,10.496689,6.3213825,1,0.9257339692045546,0.3756504001678714,0.06820145279503587,0.0,0.455428361958269
2021,Colchester,E07000071,11.317669,5.7294703,1,0.9257339692045546,0.3756504001678714,0.06820145279503587,0.0,0.455428361958269
2021,Epping Forest,E07000072,12.225773,7.9521728,4,1.0,0.36251617848390466,0.0,0.038028399008426444,0.23007707584728937
2021,Harlow,E07000073,11.461842,9.148421,4,1.0,0.36251617848390466,0.0,0.038028399008426444,0.23007707584728937
2021,Maldon,E07000074,12.736791,10.987787,4,1.0,0.36251617848390466,0.0,0.038028399008426444,0.23007707584728937
2021,Rochford,E07000075,12.461162,10.058736,4,1.0,0.36251617848390466,0.0,0.038028399008426444,0.23007707584728937
2021,Tendring,E07000076,11.96802,6.9681726,1,0.9257339692045546,0.3756504001678714,0.06820145279503587,0.0,0.455428361958269
2021,Uttlesford,E07000077,10.937133,9.178902,4,1.0,0.36251617848390466,0.0,0.038028399008426444,0.23007707584728937
2021,Cheltenham,E07000078,11.819879,7.920275,1,0.9257339692045546,0.3756504001678714,0.06820145279503587,0.0,0.455428361958269
2021,Cotswold,E07000079,10.219706,8.0806875,1,0.9257339692045546,0.3756504001678714,0.06820145279503587,0.0,0.455428361958269
2021,Forest of Dean,E07000080,12.239084,10.054563,4,1.0,0.36251617848390466,0.0,0.038028399008426444,0.23007707584728937
2021,Gloucester,E07000081,11.339977,7.6795206,1,0.9257339692045546,0.3756504001678714,0.06820145279503587,0.0,0.455428361958269
2021,Stroud,E07000082,11.408372,8.15093,1,0.9257339692045546,0.3756504001678714,0.06820145279503587,0.0,0.455428361958269
2021,Tewkesbury,E07000083,10.155405,8.01655,1,0.9257339692045546,0.3756504001678714,0.06820145279503587,0.0,0.455428361958269
2021,Basingstoke and Deane,E07000084,9.451654,6.7095838,1,0.9257339692045546,0.3756504001678714,0.06820145279503587,0.0,0.455428361958269
2021,East Hampshire,E07000085,10.694096,7.8686376,1,0.9257339692045546,0.3756504001678714,0.06820145279503587,0.0,0.455428361958269
2021,Eastleigh,E07000086,9.734952,7.132795,1,0.9257339692045546,0.3756504001678714,0.06820145279503587,0.0,0.455428361958269
2021,Fareham,E07000087,12.1242485,8.388944,4,1.0,0.36251617848390466,0.0,0.038028399008426444,0.23007707584728937
2021,Gosport,E07000088,11.696996,9.582217,4,1.0,0.36251617848390466,0.0,0.038028399008426444,0.23007707584728937
2021,Hart,E07000089,10.387154,8.187276,1,0.9257339692045546,0.3756504001678714,0.06820145279503587,0.0,0.455428361958269
2021,Havant,E07000090,11.776803,8.5433035,4,1.0,0.36251617848390466,0.0,0.038028399008426444,0.23007707584728937
2021,New Forest,E07000091,11.248148,6.487262,1,0.9257339692045546,0.3756504001678714,0.06820145279503587,0.0,0.455428361958269
2021,Rushmoor,E07000092,11.011697,9.164527,4,1.0,0.36251617848390466,0.0,0.038028399008426444,0.23007707584728937
2021,Test Valley,E07000093,9.812588,7.3091245,1,0.9257339692045546,0.3756504001678714,0.06820145279503587,0.0,0.455428361958269
2021,Winchester,E07000094,10.963349,8.015693,1,0.9257339692045546,0.3756504001678714,0.06820145279503587,0.0,0.455428361958269
2021,Broxbourne,E07000095,11.601821,9.6437645,4,1.0,0.36251617848390466,0.0,0.038028399008426444,0.23007707584728937
2021,Dacorum,E07000096,12.1725025,7.6808887,1,0.9257339692045546,0.3756504001678714,0.06820145279503587,0.0,0.455428361958269
2021,Hertsmere,E07000098,11.467349,9.446527,4,1.0,0.36251617848390466,0.0,0.038028399008426444,0.23007707584728937
2021,North Hertfordshire,E07000099,11.044772,8.002325,1,0.9257339692045546,0.3756504001678714,0.06820145279503587,0.0,0.455428361958269
2021,Three Rivers,E07000102,12.100067,10.113364,4,1.0,0.36251617848390466,0.0,0.038028399008426444,0.23007707584728937
2021,Watford,E07000103,11.552746,9.393816,4,1.0,0.36251617848390466,0.0,0.038028399008426444,0.23007707584728937
2021,Ashford,E07000105,10.160329,7.442213,1,0.9257339692045546,0.3756504001678714,0.06820145279503587,0.0,0.455428361958269
2021,Canterbury,E07000106,11.371397,6.772143,1,0.9257339692045546,0.3756504001678714,0.06820145279503587,0.0,0.455428361958269
2021,Dartford,E07000107,9.994668,7.567101,1,0.9257339692045546,0.3756504001678714,0.06820145279503587,0.0,0.455428361958269
2021,Dover,E07000108,12.397204,8.5643835,4,1.0,0.36251617848390466,0.0,0.038028399008426444,0.23007707584728937
2021,Gravesham,E07000109,11.584729,8.987456,4,1.0,0.36251617848390466,0.0,0.038028399008426444,0.23007707584728937
2021,Maidstone,E07000110,9.457011,6.7021494,1,0.9257339692045546,0.3756504001678714,0.06820145279503587,0.0,0.455428361958269
2021,Sevenoaks,E07000111,10.07353,7.730416,1,0.9257339692045546,0.3756504001678714,0.06820145279503587,0.0,0.455428361958269
2021,Folkestone and Hythe,E07000112,12.370889,8.574228,4,1.0,0.36251617848390466,0.0,0.038028399008426444,0.23007707584728937
2021,Swale,E07000113,10.261722,7.10405,1,0.9257339692045546,0.3756504001678714,0.06820145279503587,0.0,0.455428361958269
2021,Thanet,E07000114,11.735343,6.8359947,1,0.9257339692045546,0.3756504001678714,0.06820145279503587,0.0,0.455428361958269
2021,Tonbridge and Malling,E07000115,9.747334,7.234099,1,0.9257339692045546,0.3756504001678714,0.06820145279503587,0.0,0.455428361958269
2021,Tunbridge Wells,E07000116,11.416378,9.076167,4,1.0,0.36251617848390466,0.0,0.038028399008426444,0.23007707584728937
2021,Burnley,E07000117,13.002056,10.028017,4,1.0,0.36251617848390466,0.0,0.038028399008426444,0.23007707584728937
2021,Chorley,E07000118,11.992152,8.593662,4,1.0,0.36251617848390466,0.0,0.038028399008426444,0.23007707584728937
2021,Fylde,E07000119,12.332272,9.705678,4,1.0,0.36251617848390466,0.0,0.038028399008426444,0.23007707584728937
2021,Hyndburn,E07000120,13.015521,10.252519,4,1.0,0.36251617848390466,0.0,0.038028399008426444,0.23007707584728937
2021,Lancaster,E07000121,11.746954,7.1017494,1,0.9257339692045546,0.3756504001678714,0.06820145279503587,0.0,0.455428361958269
2021,Pendle,E07000122,12.98804,10.059307,4,1.0,0.36251617848390466,0.0,0.038028399008426444,0.23007707584728937
2021,Preston,E07000123,11.657663,7.456516,1,0.9257339692045546,0.3756504001678714,0.06820145279503587,0.0,0.455428361958269
2021,Ribble Valley,E07000124,12.302395,10.5680685,4,1.0,0.36251617848390466,0.0,0.038028399008426444,0.23007707584728937
2021,Rossendale,E07000125,12.905629,10.696166,4,1.0,0.36251617848390466,0.0,0.038028399008426444,0.23007707584728937
2021,South Ribble,E07000126,11.966116,8.70761,4,1.0,0.36251617848390466,0.0,0.038028399008426444,0.23007707584728937
2021,West Lancashire,E07000127,11.818134,8.6355715,4,1.0,0.36251617848390466,0.0,0.038028399008426444,0.23007707584728937
2021,Wyre,E07000128,12.384865,8.451495,4,1.0,0.36251617848390466,0.0,0.038028399008426444,0.23007707584728937
2021,Blaby,E07000129,11.820542,9.096603,4,1.0,0.36251617848390466,0.0,0.038028399008426444,0.23007707584728937
2021,Charnwood,E07000130,10.757895,6.2256713,1,0.9257339692045546,0.3756504001678714,0.06820145279503587,0.0,0.455428361958269
2021,Harborough,E07000131,10.257478,8.082867,1,0.9257339692045546,0.3756504001678714,0.06820145279503587,0.0,0.455428361958269
2021,Hinckley and Bosworth,E07000132,11.748158,8.38261,4,1.0,0.36251617848390466,0.0,0.038028399008426444,0.23007707584728937
2021,Melton,E07000133,12.77019,11.089687,4,1.0,0.36251617848390466,0.0,0.038028399008426444,0.23007707584728937
2021,North West Leicestershire,E07000134,11.759409,9.072868,4,1.0,0.36251617848390466,0.0,0.038028399008426444,0.23007707584728937
2021,Oadby and Wigston,E07000135,12.789037,11.114212,4,1.0,0.36251617848390466,0.0,0.038028399008426444,0.23007707584728937
2021,Boston,E07000136,12.484204,10.820765,4,1.0,0.36251617848390466,0.0,0.038028399008426444,0.23007707584728937
2021,East Lindsey,E07000137,11.026261,6.961782,1,0.9257339692045546,0.3756504001678714,0.06820145279503587,0.0,0.455428361958269
2021,Lincoln,E07000138,11.596439,8.662125,4,1.0,0.36251617848390466,0.0,0.038028399008426444,0.23007707584728937
2021,North Kesteven,E07000139,11.6199045,8.375783,4,1.0,0.36251617848390466,0.0,0.038028399008426444,0.23007707584728937
2021,South Holland,E07000140,12.066533,9.326255,4,1.0,0.36251617848390466,0.0,0.038028399008426444,0.23007707584728937
2021,South Kesteven,E07000141,11.150049,6.680647,1,0.9257339692045546,0.3756504001678714,0.06820145279503587,0.0,0.455428361958269
2021,West Lindsey,E07000142,12.181312,9.4065695,4,1.0,0.36251617848390466,0.0,0.038028399008426444,0.23007707584728937
2021,Breckland,E07000143,12.04741,7.6863794,1,0.9257339692045546,0.3756504001678714,0.06820145279503587,0.0,0.455428361958269
2021,Broadland,E07000144,11.844884,7.7901783,1,0.9257339692045546,0.3756504001678714,0.06820145279503587,0.0,0.455428361958269
2021,Great Yarmouth,E07000145,13.022657,8.864147,4,1.0,0.36251617848390466,0.0,0.038028399008426444,0.23007707584728937
2021,King's Lynn and West Norfolk,E07000146,12.05342,7.0840297,1,0.9257339692045546,0.3756504001678714,0.06820145279503587,0.0,0.455428361958269
2021,North Norfolk,E07000147,12.4586115,9.232752,4,1.0,0.36251617848390466,0.0,0.038028399008426444,0.23007707584728937
2021,Norwich,E07000148,11.5401535,7.656064,1,0.9257339692045546,0.3756504001678714,0.06820145279503587,0.0,0.455428361958269
2021,South Norfolk,E07000149,10.614171,7.2260556,1,0.9257339692045546,0.3756504001678714,0.06820145279503587,0.0,0.455428361958269
2021,Corby,E07000150,9.089014,3.2053986,2,0.8382145130386586,0.35615960963972765,0.203977051160958,0.18745835560779114,0.5279453374314367
2021,Daventry,E07000151,8.729574,3.0315442,2,0.8382145130386586,0.35615960963972765,0.203977051160958,0.18745835560779114,0.5279453374314367
2021,East Northamptonshire,E07000152,9.111735,3.2343984,2,0.8382145130386586,0.35615960963972765,0.203977051160958,0.18745835560779114,0.5279453374314367
2021,Kettering,E07000153,9.056006,3.2088869,2,0.8382145130386586,0.35615960963972765,0.203977051160958,0.18745835560779114,0.5279453374314367
2021,Northampton,E07000154,8.753019,3.0380785,2,0.8382145130386586,0.35615960963972765,0.203977051160958,0.18745835560779114,0.5279453374314367
2021,South Northamptonshire,E07000155,8.758502,3.0414104,2,0.8382145130386586,0.35615960963972765,0.203977051160958,0.18745835560779114,0.5279453374314367
2021,Wellingborough,E07000156,9.100096,3.2429438,2,0.8382145130386586,0.35615960963972765,0.203977051160958,0.18745835560779114,0.5279453374314367
2021,Craven,E07000163,12.725932,11.034458,4,1.0,0.36251617848390466,0.0,0.038028399008426444,0.23007707584728937
2021,Hambleton,E07000164,12.211792,9.910552,4,1.0,0.36251617848390466,0.0,0.038028399008426444,0.23007707584728937
2021,Harrogate,E07000165,11.013864,6.3894963,1,0.9257339692045546,0.3756504001678714,0.06820145279503587,0.0,0.455428361958269
2021,Richmondshire,E07000166,12.8590145,11.139623,4,1.0,0.36251617848390466,0.0,0.038028399008426444,0.23007707584728937
2021,Ryedale,E07000167,12.791901,11.103108,4,1.0,0.36251617848390466,0.0,0.038028399008426444,0.23007707584728937
2021,Scarborough,E07000168,12.275723,8.657745,4,1.0,0.36251617848390466,0.0,0.038028399008426444,0.23007707584728937
2021,Selby,E07000169,11.6549425,9.557313,4,1.0,0.36251617848390466,0.0,0.038028399008426444,0.23007707584728937
2021,Ashfield,E07000170,12.887048,8.360597,4,1.0,0.36251617848390466,0.0,0.038028399008426444,0.23007707584728937
2021,Bassetlaw,E07000171,12.907128,8.503156,4,1.0,0.36251617848390466,0.0,0.038028399008426444,0.23007707584728937
2021,Broxtowe,E07000172,12.859211,8.645297,4,1.0,0.36251617848390466,0.0,0.038028399008426444,0.23007707584728937
2021,Gedling,E07000173,12.453365,8.125111,4,1.0,0.36251617848390466,0.0,0.038028399008426444,0.23007707584728937
2021,Mansfield,E07000174,13.026578,8.734208,4,1.0,0.36251617848390466,0.0,0.038028399008426444,0.23007707584728937
2021,Newark and Sherwood,E07000175,11.971827,8.185773,4,1.0,0.36251617848390466,0.0,0.038028399008426444,0.23007707584728937
2021,Rushcliffe,E07000176,11.453295,8.223119,4,1.0,0.36251617848390466,0.0,0.038028399008426444,0.23007707584728937
2021,Cherwell,E07000177,9.531972,6.7794504,1,0.9257339692045546,0.3756504001678714,0.06820145279503587,0.0,0.455428361958269
2021,Oxford,E07000178,11.189796,7.360237,1,0.9257339692045546,0.3756504001678714,0.06820145279503587,0.0,0.455428361958269
2021,South Oxfordshire,E07000179,9.7003565,7.071562,1,0.9257339692045546,0.3756504001678714,0.06820145279503587,0.0,0.455428361958269
2021,Vale of White Horse,E07000180,9.816748,7.310099,1,0.9257339692045546,0.3756504001678714,0.06820145279503587,0.0,0.455428361958269
2021,West Oxfordshire,E07000181,9.975998,7.742937,1,0.9257339692045546,0.3756504001678714,0.06820145279503587,0.0,0.455428361958269
2021,Mendip,E07000187,11.113264,8.171519,1,0.9257339692045546,0.3756504001678714,0.06820145279503587,0.0,0.455428361958269
2021,Sedgemoor,E07000188,11.808158,8.180227,4,1.0,0.36251617848390466,0.0,0.038028399008426444,0.23007707584728937
2021,South Somerset,E07000189,10.69348,6.51118,1,0.9257339692045546,0.3756504001678714,0.06820145279503587,0.0,0.455428361958269
2021,Taunton Deane,E07000190,11.082254,6.5373745,1,0.9257339692045546,0.3756504001678714,0.06820145279503587,0.0,0.455428361958269
2021,West Somerset,E07000191,11.057717,6.560249,1,0.9257339692045546,0.3756504001678714,0.06820145279503587,0.0,0.455428361958269
2021,Cannock Chase,E07000192,12.842745,9.022786,4,1.0,0.36251617848390466,0.0,0.038028399008426444,0.23007707584728937
2021,East Staffordshire,E07000193,12.396624,8.416406,4,1.0,0.36251617848390466,0.0,0.038028399008426444,0.23007707584728937
2021,Lichfield,E07000194,11.953561,9.179473,4,1.0,0.36251617848390466,0.0,0.038028399008426444,0.23007707584728937
2021,Newcastle-under-Lyme,E07000195,12.24328,8.38194,4,1.0,0.36251617848390466,0.0,0.038028399008426444,0.23007707584728937
2021,South Staffordshire,E07000196,12.015787,9.116261,4,1.0,0.36251617848390466,0.0,0.038028399008426444,0.23007707584728937
2021,Stafford,E07000197,11.828853,7.8829985,1,0.9257339692045546,0.3756504001678714,0.06820145279503587,0.0,0.455428361958269
2021,Staffordshire Moorlands,E07000198,12.669725,9.773565,4,1.0,0.36251617848390466,0.0,0.038028399008426444,0.23007707584728937
2021,Tamworth,E07000199,12.761557,10.346509,4,1.0,0.36251617848390466,0.0,0.038028399008426444,0.23007707584728937
2021,Babergh,E07000200,12.761488,9.477732,4,1.0,0.36251617848390466,0.0,0.038028399008426444,0.23007707584728937
2021,Forest Heath,E07000201,10.436785,6.0051665,1,0.9257339692045546,0.3756504001678714,0.06820145279503587,0.0,0.455428361958269
2021,Ipswich,E07000202,11.86217,7.992124,4,1.0,0.36251617848390466,0.0,0.038028399008426444,0.23007707584728937
2021,Mid Suffolk,E07000203,12.06382,9.102991,4,1.0,0.36251617848390466,0.0,0.038028399008426444,0.23007707584728937
2021,St Edmundsbury,E07000204,10.481712,6.0262475,1,0.9257339692045546,0.3756504001678714,0.06820145279503587,0.0,0.455428361958269
2021,Suffolk Coastal,E07000205,11.055107,5.2057457,1,0.9257339692045546,0.3756504001678714,0.06820145279503587,0.0,0.455428361958269
2021,Waveney,E07000206,11.134871,5.171021,1,0.9257339692045546,0.3756504001678714,0.06820145279503587,0.0,0.455428361958269
2021,Elmbridge,E07000207,11.472299,7.707907,1,0.9257339692045546,0.3756504001678714,0.06820145279503587,0.0,0.455428361958269
2021,Epsom and Ewell,E07000208,11.989676,10.143257,4,1.0,0.36251617848390466,0.0,0.038028399008426444,0.23007707584728937
2021,Guildford,E07000209,10.925354,7.6864114,1,0.9257339692045546,0.3756504001678714,0.06820145279503587,0.0,0.455428361958269
2021,Mole Valley,E07000210,11.988863,10.03673,4,1.0,0.36251617848390466,0.0,0.038028399008426444,0.23007707584728937
2021,Reigate and Banstead,E07000211,9.88012,7.086021,1,0.9257339692045546,0.3756504001678714,0.06820145279503587,0.0,0.455428361958269
2021,Runnymede,E07000212,11.2626505,9.444967,4,1.0,0.36251617848390466,0.0,0.038028399008426444,0.23007707584728937
2021,Spelthorne,E07000213,11.346733,9.299277,4,1.0,0.36251617848390466,0.0,0.038028399008426444,0.23007707584728937
2021,Surrey Heath,E07000214,11.837881,9.975139,4,1.0,0.36251617848390466,0.0,0.038028399008426444,0.23007707584728937
2021,Tandridge,E07000215,11.785532,9.932796,4,1.0,0.36251617848390466,0.0,0.038028399008426444,0.23007707584728937
2021,Waverley,E07000216,11.061318,8.032113,1,0.9257339692045546,0.3756504001678714,0.06820145279503587,0.0,0.455428361958269
2021,Woking,E07000217,11.614627,9.46829,4,1.0,0.36251617848390466,0.0,0.038028399008426444,0.23007707584728937
2021,North Warwickshire,E07000218,12.695686,10.795972,4,1.0,0.36251617848390466,0.0,0.038028399008426444,0.23007707584728937
2021,Nuneaton and Bedworth,E07000219,12.027464,7.784888,1,0.9257339692045546,0.3756504001678714,0.06820145279503587,0.0,0.455428361958269
2021,Rugby,E07000220,10.95361,8.210153,1,0.9257339692045546,0.3756504001678714,0.06820145279503587,0.0,0.455428361958269
2021,Stratford-on-Avon,E07000221,9.739674,7.1858087,1,0.9257339692045546,0.3756504001678714,0.06820145279503587,0.0,0.455428361958269
2021,Warwick,E07000222,10.21291,7.013543,1,0.9257339692045546,0.3756504001678714,0.06820145279503587,0.0,0.455428361958269
2021,Adur,E07000223,12.768641,10.890141,4,1.0,0.36251617848390466,0.0,0.038028399008426444,0.23007707584728937
2021,Arun,E07000224,10.679357,6.301701,1,0.9257339692045546,0.3756504001678714,0.06820145279503587,0.0,0.455428361958269
2021,Chichester,E07000225,10.848497,7.8941426,1,0.9257339692045546,0.3756504001678714,0.06820145279503587,0.0,0.455428361958269
2021,Crawley,E07000226,11.454245,8.762706,4,1.0,0.36251617848390466,0.0,0.038028399008426444,0.23007707584728937
2021,Horsham,E07000227,9.75865,7.0653033,1,0.9257339692045546,0.3756504001678714,0.06820145279503587,0.0,0.455428361958269
2021,Mid Sussex,E07000228,10.276764,6.9586225,1,0.9257339692045546,0.3756504001678714,0.06820145279503587,0.0,0.455428361958269
2021,Worthing,E07000229,12.523247,8.277751,4,1.0,0.36251617848390466,0.0,0.038028399008426444,0.23007707584728937
2021,Bromsgrove,E07000234,11.902413,9.16008,4,1.0,0.36251617848390466,0.0,0.038028399008426444,0.23007707584728937
2021,Malvern Hills,E07000235,12.145989,10.288787,4,1.0,0.36251617848390466,0.0,0.038028399008426444,0.23007707584728937
2021,Redditch,E07000236,12.736086,10.1715975,4,1.0,0.36251617848390466,0.0,0.038028399008426444,0.23007707584728937
2021,Worcester,E07000237,11.458652,9.333341,4,1.0,0.36251617848390466,0.0,0.038028399008426444,0.23007707584728937
2021,Wychavon,E07000238,10.818133,7.8408227,1,0.9257339692045546,0.3756504001678714,0.06820145279503587,0.0,0.455428361958269
2021,Wyre Forest,E07000239,12.149634,9.115516,4,1.0,0.36251617848390466,0.0,0.038028399008426444,0.23007707584728937
2021,St Albans,E07000240,12.343014,7.666635,1,0.9257339692045546,0.3756504001678714,0.06820145279503587,0.0,0.455428361958269
2021,Welwyn Hatfield,E07000241,11.2300825,8.81394,4,1.0,0.36251617848390466,0.0,0.038028399008426444,0.23007707584728937
2021,East Hertfordshire,E07000242,10.071172,7.0074105,1,0.9257339692045546,0.3756504001678714,0.06820145279503587,0.0,0.455428361958269
2021,Stevenage,E07000243,11.007592,9.321359,4,1.0,0.36251617848390466,0.0,0.038028399008426444,0.23007707584728937
2021,Bolton,E08000001,10.977603,4.3000693,2,0.8382145130386586,0.35615960963972765,0.203977051160958,0.18745835560779114,0.5279453374314367
2021,Bury,E08000002,11.424146,5.586958,1,0.9257339692045546,0.3756504001678714,0.06820145279503587,0.0,0.455428361958269
2021,Manchester,E08000003,8.042952,2.4199505,2,0.8382145130386586,0.35615960963972765,0.203977051160958,0.18745835560779114,0.5279453374314367
2021,Oldham,E08000004,11.112956,4.751789,1,0.9257339692045546,0.3756504001678714,0.06820145279503587,0.0,0.455428361958269
2021,Rochdale,E08000005,11.318825,5.299362,1,0.9257339692045546,0.3756504001678714,0.06820145279503587,0.0,0.455428361958269
2021,Salford,E08000006,10.469744,4.2881308,2,0.8382145130386586,0.35615960963972765,0.203977051160958,0.18745835560779114,0.5279453374314367
2021,Stockport,E08000007,9.546644,3.7297945,2,0.8382145130386586,0.35615960963972765,0.203977051160958,0.18745835560779114,0.5279453374314367
2021,Tameside,E08000008,11.292265,5.382481,1,0.9257339692045546,0.3756504001678714,0.06820145279503587,0.0,0.455428361958269
2021,Trafford,E08000009,10.927332,5.289372,1,0.9257339692045546,0.3756504001678714,0.06820145279503587,0.0,0.455428361958269
2021,Wigan,E08000010,10.805149,4.008302,2,0.8382145130386586,0.35615960963972765,0.203977051160958,0.18745835560779114,0.5279453374314367
2021,Knowsley,E08000011,12.011336,7.6567726,1,0.9257339692045546,0.3756504001678714,0.06820145279503587,0.0,0.455428361958269
2021,Liverpool,E08000012,8.237035,2.3437555,2,0.8382145130386586,0.35615960963972765,0.203977051160958,0.18745835560779114,0.5279453374314367
2021,St. Helens,E08000013,10.928509,6.2123203,1,0.9257339692045546,0.3756504001678714,0.06820145279503587,0.0,0.455428361958269
2021,Sefton,E08000014,9.804437,3.7989647,2,0.8382145130386586,0.35615960963972765,0.203977051160958,0.18745835560779114,0.5279453374314367
2021,Wirral,E08000015,9.770701,3.73631,2,0.8382145130386586,0.35615960963972765,0.203977051160958,0.18745835560779114,0.5279453374314367
2021,Barnsley,E08000016,11.039995,4.295547,2,0.8382145130386586,0.35615960963972765,0.203977051160958,0.18745835560779114,0.5279453374314367
2021,Doncaster,E08000017,10.858077,4.0350223,2,0.8382145130386586,0.35615960963972765,0.203977051160958,0.18745835560779114,0.5279453374314367
2021,Rotherham,E08000018,10.987852,4.2160892,2,0.8382145130386586,0.35615960963972765,0.203977051160958,0.18745835560779114,0.5279453374314367
2021,Sheffield,E08000019,8.345989,2.2775428,2,0.8382145130386586,0.35615960963972765,0.203977051160958,0.18745835560779114,0.5279453374314367
2021,Newcastle upon Tyne,E08000021,10.614175,4.3240714,2,0.8382145130386586,0.35615960963972765,0.203977051160958,0.18745835560779114,0.5279453374314367
2021,North Tyneside,E08000022,11.027765,5.3124003,1,0.9257339692045546,0.3756504001678714,0.06820145279503587,0.0,0.455428361958269
2021,South Tyneside,E08000023,12.341664,7.920358,4,1.0,0.36251617848390466,0.0,0.038028399008426444,0.23007707584728937
2021,Sunderland,E08000024,11.077539,5.2029443,1,0.9257339692045546,0.3756504001678714,0.06820145279503587,0.0,0.455428361958269
2021,Birmingham,E08000025,7.4595685,1.8571316,2,0.8382145130386586,0.35615960963972765,0.203977051160958,0.18745835560779114,0.5279453374314367
2021,Coventry,E08000026,10.215549,4.2833786,2,0.8382145130386586,0.35615960963972765,0.203977051160958,0.18745835560779114,0.5279453374314367
2021,Dudley,E08000027,10.855693,4.0365944,2,0.8382145130386586,0.35615960963972765,0.203977051160958,0.18745835560779114,0.5279453374314367
2021,Sandwell,E08000028,10.878253,4.0941987,2,0.8382145130386586,0.35615960963972765,0.203977051160958,0.18745835560779114,0.5279453374314367
2021,Solihull,E08000029,10.896052,5.3812094,1,0.9257339692045546,0.3756504001678714,0.06820145279503587,0.0,0.455428361958269
2021,Walsall,E08000030,10.975578,4.9647408,1,0.9257339692045546,0.3756504001678714,0.06820145279503587,0.0,0.455428361958269
2021,Wolverhampton,E08000031,10.957448,4.2207465,2,0.8382145130386586,0.35615960963972765,0.203977051160958,0.18745835560779114,0.5279453374314367
2021,Bradford,E08000032,8.307791,2.2541916,2,0.8382145130386586,0.35615960963972765,0.203977051160958,0.18745835560779114,0.5279453374314367
2021,Calderdale,E08000033,11.228832,5.5257144,1,0.9257339692045546,0.3756504001678714,0.06820145279503587,0.0,0.455428361958269
2021,Kirklees,E08000034,10.694199,3.8389242,2,0.8382145130386586,0.35615960963972765,0.203977051160958,0.18745835560779114,0.5279453374314367
2021,Leeds,E08000035,7.805168,1.9561483,2,0.8382145130386586,0.35615960963972765,0.203977051160958,0.18745835560779114,0.5279453374314367
2021,Wakefield,E08000036,9.682973,3.7058704,2,0.8382145130386586,0.35615960963972765,0.203977051160958,0.18745835560779114,0.5279453374314367
2021,Gateshead,E08000037,11.4626465,5.6369495,1,0.9257339692045546,0.3756504001678714,0.06820145279503587,0.0,0.455428361958269
2021,City of London,E09000001,-5.00994,3.3740537,3,0.6892248125536574,0.0,0.9398160516726486,0.058172784727755084,0.0
2021,Barking and Dagenham,E09000002,10.106429,5.595922,1,0.9257339692045546,0.3756504001678714,0.06820145279503587,0.0,0.455428361958269
2021,Barnet,E09000003,8.293784,2.60435,2,0.8382145130386586,0.35615960963972765,0.203977051160958,0.18745835560779114,0.5279453374314367
2021,Bexley,E09000004,10.054391,4.9616003,2,0.8382145130386586,0.35615960963972765,0.203977051160958,0.18745835560779114,0.5279453374314367
2021,Brent,E09000005,7.9272404,3.270812,2,0.8382145130386586,0.35615960963972765,0.203977051160958,0.18745835560779114,0.5279453374314367
2021,Bromley,E09000006,9.637682,3.7234867,2,0.8382145130386586,0.35615960963972765,0.203977051160958,0.18745835560779114,0.5279453374314367
2021,Camden,E09000007,4.260282,3.2780864,5,0.49848929625020055,0.09767978507959935,1.0,0.6392444384924625,0.8585248990751244
2021,Croydon,E09000008,8.515552,3.0128126,2,0.8382145130386586,0.35615960963972765,0.203977051160958,0.18745835560779114,0.5279453374314367
2021,Ealing,E09000009,7.9457994,3.1571746,2,0.8382145130386586,0.35615960963972765,0.203977051160958,0.18745835560779114,0.5279453374314367
2021,Enfield,E09000010,10.090365,4.32464,2,0.8382145130386586,0.35615960963972765,0.203977051160958,0.18745835560779114,0.5279453374314367
2021,Greenwich,E09000011,7.880985,3.329377,2,0.8382145130386586,0.35615960963972765,0.203977051160958,0.18745835560779114,0.5279453374314367
2021,Hackney,E09000012,7.839164,3.2377822,2,0.8382145130386586,0.35615960963972765,0.203977051160958,0.18745835560779114,0.5279453374314367
2021,Hammersmith and Fulham,E09000013,4.460287,3.344779,5,0.49848929625020055,0.09767978507959935,1.0,0.6392444384924625,0.8585248990751244
2021,Haringey,E09000014,7.5737586,3.3866653,2,0.8382145130386586,0.35615960963972765,0.203977051160958,0.18745835560779114,0.5279453374314367
2021,Harrow,E09000015,10.141729,4.8057027,2,0.8382145130386586,0.35615960963972765,0.203977051160958,0.18745835560779114,0.5279453374314367
2021,Havering,E09000016,10.291332,4.972886,1,0.9257339692045546,0.3756504001678714,0.06820145279503587,0.0,0.455428361958269
2021,Hillingdon,E09000017,9.855973,4.5151324,2,0.8382145130386586,0.35615960963972765,0.203977051160958,0.18745835560779114,0.5279453374314367
2021,Hounslow,E09000018,7.8398466,3.3145359,2,0.8382145130386586,0.35615960963972765,0.203977051160958,0.18745835560779114,0.5279453374314367
2021,Islington,E09000019,4.5705886,3.2388027,5,0.49848929625020055,0.09767978507959935,1.0,0.6392444384924625,0.8585248990751244
2021,Kensington and Chelsea,E09000020,11.189727,7.321299,1,0.9257339692045546,0.3756504001678714,0.06820145279503587,0.0,0.455428361958269
2021,Kingston upon Thames,E09000021,11.42622,6.071328,1,0.9257339692045546,0.3756504001678714,0.06820145279503587,0.0,0.455428361958269
2021,Lambeth,E09000022,7.900056,3.259196,2,0.8382145130386586,0.35615960963972765,0.203977051160958,0.18745835560779114,0.5279453374314367
2021,Lewisham,E09000023,8.083616,3.472769,2,0.8382145130386586,0.35615960963972765,0.203977051160958,0.18745835560779114,0.5279453374314367
2021,Merton,E09000024,10.481372,5.5970387,1,0.9257339692045546,0.3756504001678714,0.06820145279503587,0.0,0.455428361958269
2021,Newham,E09000025,7.8685346,3.240022,2,0.8382145130386586,0.35615960963972765,0.203977051160958,0.18745835560779114,0.5279453374314367
2021,Redbridge,E09000026,10.120993,4.4649353,2,0.8382145130386586,0.35615960963972765,0.203977051160958,0.18745835560779114,0.5279453374314367
2021,Richmond upon Thames,E09000027,11.196876,5.802119,1,0.9257339692045546,0.3756504001678714,0.06820145279503587,0.0,0.455428361958269
2021,Southwark,E09000028,7.8472347,3.1864696,2,0.8382145130386586,0.35615960963972765,0.203977051160958,0.18745835560779114,0.5279453374314367
2021,Sutton,E09000029,10.413769,5.923011,1,0.9257339692045546,0.3756504001678714,0.06820145279503587,0.0,0.455428361958269
2021,Tower Hamlets,E09000030,7.8614564,3.2440689,2,0.8382145130386586,0.35615960963972765,0.203977051160958,0.18745835560779114,0.5279453374314367
2021,Waltham Forest,E09000031,9.594694,4.3877554,2,0.8382145130386586,0.35615960963972765,0.203977051160958,0.18745835560779114,0.5279453374314367
2021,Wandsworth,E09000032,7.9886875,3.1466026,2,0.8382145130386586,0.35615960963972765,0.203977051160958,0.18745835560779114,0.5279453374314367
2021,Westminster,E09000033,4.216244,3.2481797,5,0.49848929625020055,0.09767978507959935,1.0,0.6392444384924625,0.8585248990751244
2021,Isle of Anglesey,W06000001,12.994591,10.622727,4,1.0,0.36251617848390466,0.0,0.038028399008426444,0.23007707584728937
2021,Gwynedd,W06000002,13.063298,8.728707,4,1.0,0.36251617848390466,0.0,0.038028399008426444,0.23007707584728937
2021,Conwy,W06000003,12.637799,8.708123,4,1.0,0.36251617848390466,0.0,0.038028399008426444,0.23007707584728937
2021,Denbighshire,W06000004,12.972867,9.141187,4,1.0,0.36251617848390466,0.0,0.038028399008426444,0.23007707584728937
2021,Flintshire,W06000005,12.340689,7.413873,1,0.9257339692045546,0.3756504001678714,0.06820145279503587,0.0,0.455428361958269
2021,Wrexham,W06000006,12.974843,8.462029,4,1.0,0.36251617848390466,0.0,0.038028399008426444,0.23007707584728937
2021,Ceredigion,W06000008,12.738736,11.054309,4,1.0,0.36251617848390466,0.0,0.038028399008426444,0.23007707584728937
2021,Pembrokeshire,W06000009,12.819312,8.882402,4,1.0,0.36251617848390466,0.0,0.038028399008426444,0.23007707584728937
2021,Carmarthenshire,W06000010,12.049879,6.749616,1,0.9257339692045546,0.3756504001678714,0.06820145279503587,0.0,0.455428361958269
2021,Swansea,W06000011,10.998896,4.275074,2,0.8382145130386586,0.35615960963972765,0.203977051160958,0.18745835560779114,0.5279453374314367
2021,Neath Port Talbot,W06000012,12.934483,8.386153,4,1.0,0.36251617848390466,0.0,0.038028399008426444,0.23007707584728937
2021,Bridgend,W06000013,12.575273,7.7430615,4,1.0,0.36251617848390466,0.0,0.038028399008426444,0.23007707584728937
2021,Vale of Glamorgan,W06000014,12.598168,7.8525834,4,1.0,0.36251617848390466,0.0,0.038028399008426444,0.23007707584728937
2021,Cardiff,W06000015,10.711573,4.0537825,2,0.8382145130386586,0.35615960963972765,0.203977051160958,0.18745835560779114,0.5279453374314367
2021,Rhondda Cynon Taff,W06000016,11.214904,5.284192,1,0.9257339692045546,0.3756504001678714,0.06820145279503587,0.0,0.455428361958269
2021,Caerphilly,W06000018,12.331707,7.2258472,1,0.9257339692045546,0.3756504001678714,0.06820145279503587,0.0,0.455428361958269
2021,Blaenau Gwent,W06000019,12.960339,10.849246,4,1.0,0.36251617848390466,0.0,0.038028399008426444,0.23007707584728937
2021,Torfaen,W06000020,12.548042,10.157053,4,1.0,0.36251617848390466,0.0,0.038028399008426444,0.23007707584728937
2021,Monmouthshire,W06000021,12.613306,9.911238,4,1.0,0.36251617848390466,0.0,0.038028399008426444,0.23007707584728937
2021,Newport,W06000022,12.051223,7.716682,1,0.9257339692045546,0.3756504001678714,0.06820145279503587,0.0,0.455428361958269
2021,Powys,W06000023,12.987415,8.61045,4,1.0,0.36251617848390466,0.0,0.038028399008426444,0.23007707584728937
2021,Merthyr Tydfil,W06000024,12.960941,10.938955,4,1.0,0.36251617848390466,0.0,0.038028399008426444,0.23007707584728937
